venta_id,fecha,hora,cliente_id,producto,categoria,cantidad,precio_unitario,subtotal,metodo_pago,empleado,sucursal,dia_semana
1,2026-03-08,09:08,1754,Jugo Natural,Bebidas,2,2.67,5.34,Efectivo,José,Sur,Viernes
2,2026-01-07,09:32,1616,Baguette,Pan,7,1.72,12.04,Efectivo,Sofía,Centro,Sábado
3,2026-05-09,18:55,1006,Jugo Natural,Bebidas,7,2.72,19.04,Efectivo,José,Norte,Miércoles
4,2026-03-04,07:24,1099,Queque Chocolate,Pasteles,3,11.66,34.98,Tarjeta,Carlos,Sur,Miércoles
5,2026-05-04,20:24,1080,Pan Integral,Pan,1,2.25,2.25,SINPE,Carlos,Sur,Viernes
6,2026-06-03,06:42,1233,Muffin,Repostería,6,2.42,14.52,Tarjeta,Ana,Centro,Domingo
7,2026-06-27,11:10,1379,Baguette,Pan,7,1.76,12.32,Tarjeta,Luis,Sur,Miércoles
8,2026-02-18,17:15,1167,Galletas,Repostería,2,3.54,7.08,Tarjeta,María,Norte,Sábado
9,2026-01-08,19:02,1323,Galletas,Repostería,4,3.56,14.24,Tarjeta,Carlos,Centro,Martes
10,2026-04-13,20:58,1658,Muffin,Repostería,6,2.33,13.98,Tarjeta,Luis,Norte,Martes
11,2026-04-19,12:23,1224,Dona,Repostería,5,1.23,6.15,Efectivo,Sofía,Norte,Lunes
12,2026-02-21,08:50,1696,Pan Integral,Pan,1,2.28,2.28,Tarjeta,Sofía,Centro,Jueves
13,2026-05-28,06:43,1738,Empanada Pollo,Salado,8,2.51,20.08,Efectivo,José,Sur,Domingo
14,2026-04-06,13:00,1739,Queque Chocolate,Pasteles,6,11.53,69.18,SINPE,Carlos,Sur,Domingo
15,2026-03-27,16:32,1623,Croissant,Repostería,2,1.56,3.12,Efectivo,Luis,Norte,Domingo
16,2026-04-01,07:59,1371,Croissant,Repostería,1,1.51,1.51,Tarjeta,Luis,Centro,Martes
17,2026-04-27,07:48,1545,Muffin,Repostería,2,2.3,4.6,Efectivo,Luis,Sur,Jueves
18,2026-05-14,09:59,1552,Café,Bebidas,3,1.95,5.85,SINPE,José,Centro,Sábado
19,2026-06-12,13:57,1529,Queque Chocolate,Pasteles,7,12.59,88.13,Tarjeta,Ana,Centro,Martes
20,2026-05-08,15:14,1007,Baguette,Pan,6,1.71,10.26,Efectivo,José,Sur,Lunes
21,2026-03-03,14:15,1285,Dona,Repostería,2,1.25,2.5,SINPE,María,Centro,Viernes
22,2026-04-26,12:12,1096,Croissant,Repostería,8,1.46,11.68,Efectivo,José,Norte,Miércoles
23,2026-06-02,16:41,1661,Empanada Pollo,Salado,7,2.49,17.43,Efectivo,Ana,Norte,Sábado
24,2026-02-18,13:08,1432,Queque Vainilla,Pasteles,2,9.75,19.5,Efectivo,Carlos,Norte,Martes
25,2026-05-04,06:41,1553,Pan Dulce,Pan,2,1.09,2.18,Efectivo,Ana,Centro,Martes
26,2026-04-02,08:24,1002,Empanada Pollo,Salado,8,2.5,20.0,Tarjeta,Carlos,Norte,Miércoles
27,2026-03-07,06:37,1753,Empanada Pollo,Salado,8,2.41,19.28,SINPE,Ana,Sur,Miércoles
28,2026-05-28,14:10,1058,Pan Francés,Pan,1,0.45,0.45,SINPE,Ana,Centro,Lunes
29,2026-02-13,07:56,1583,Capuchino,Bebidas,2,3.26,6.52,Efectivo,Sofía,Sur,Lunes
30,2026-05-19,14:20,1267,Capuchino,Bebidas,2,3.17,6.34,Efectivo,José,Sur,Miércoles
31,2026-06-21,10:29,1323,Dona,Repostería,5,1.19,5.95,Efectivo,Ana,Norte,Viernes
32,2026-02-17,10:08,1357,Capuchino,Bebidas,2,3.06,6.12,Efectivo,Luis,Norte,Miércoles
33,2026-06-10,15:51,1669,Croissant,Repostería,8,1.55,12.4,SINPE,Ana,Sur,Domingo
34,2026-01-05,10:07,1109,Café,Bebidas,5,2.09,10.45,SINPE,Sofía,Centro,Miércoles
35,2026-02-22,16:54,1270,Queque Chocolate,Pasteles,4,12.26,49.04,SINPE,María,Norte,Domingo
36,2026-03-02,06:21,1789,Pan Francés,Pan,2,0.46,0.92,Efectivo,José,Norte,Martes
37,2026-04-18,06:07,1077,Galletas,Repostería,8,3.52,28.16,SINPE,Luis,Sur,Lunes
38,2026-02-14,08:02,1315,Pan Dulce,Pan,6,1.11,6.66,Tarjeta,Ana,Norte,Martes
39,2026-03-25,14:56,1416,Jugo Natural,Bebidas,4,2.85,11.4,SINPE,José,Centro,Martes
40,2026-02-14,06:11,1754,Pan Dulce,Pan,3,1.15,3.45,Tarjeta,María,Sur,Domingo
41,2026-06-04,12:55,1039,Galletas,Repostería,4,3.42,13.68,Tarjeta,Luis,Centro,Domingo
42,2026-02-08,06:42,1197,Muffin,Repostería,8,2.36,18.88,Tarjeta,Carlos,Norte,Domingo
43,2026-05-13,16:53,1549,Baguette,Pan,5,1.77,8.85,Tarjeta,Ana,Centro,Miércoles
44,2026-05-14,11:46,1321,Croissant,Repostería,5,1.43,7.15,Tarjeta,Sofía,Sur,Lunes
45,2026-06-14,06:33,1551,Empanada Pollo,Salado,4,2.44,9.76,SINPE,José,Sur,Sábado
46,2026-01-22,20:21,1638,Jugo Natural,Bebidas,4,2.76,11.04,Tarjeta,José,Centro,Sábado
47,2026-06-14,11:25,1713,Muffin,Repostería,5,2.4,12.0,Tarjeta,Sofía,Centro,Martes
48,2026-02-20,15:19,1415,Empanada Pollo,Salado,7,2.54,17.78,SINPE,Ana,Norte,Miércoles
49,2026-05-21,11:29,1452,Dona,Repostería,7,1.23,8.61,Tarjeta,José,Centro,Viernes
50,2026-03-17,16:40,1634,Empanada Queso,Salado,3,2.34,7.02,Tarjeta,Ana,Centro,Sábado
51,2026-02-01,06:15,1486,Queque Chocolate,Pasteles,4,12.37,49.48,SINPE,Ana,Norte,Jueves
52,2026-04-16,12:15,1151,Muffin,Repostería,4,2.45,9.8,SINPE,José,Centro,Domingo
53,2026-02-06,18:44,1530,Pan Dulce,Pan,2,1.13,2.26,Tarjeta,Ana,Sur,Martes
54,2026-04-22,14:35,1609,Muffin,Repostería,2,2.39,4.78,Tarjeta,María,Sur,Domingo
55,2026-05-15,20:10,1761,Galletas,Repostería,7,3.62,25.34,Tarjeta,María,Norte,Domingo
56,2026-05-16,16:15,1281,Dona,Repostería,5,1.23,6.15,Tarjeta,Ana,Sur,Miércoles
57,2026-05-03,08:09,1236,Dona,Repostería,5,1.18,5.9,Tarjeta,José,Centro,Sábado
58,2026-03-18,13:26,1063,Dona,Repostería,2,1.19,2.38,Efectivo,María,Norte,Domingo
59,2026-05-13,13:00,1360,Capuchino,Bebidas,1,3.31,3.31,Tarjeta,María,Norte,Viernes
60,2026-03-14,13:01,1398,Galletas,Repostería,4,3.5,14.0,Tarjeta,José,Sur,Domingo
61,2026-02-20,14:01,1403,Empanada Pollo,Salado,3,2.59,7.77,SINPE,Sofía,Sur,Lunes
62,2026-04-06,06:16,1388,Baguette,Pan,7,1.73,12.11,Tarjeta,Luis,Norte,Miércoles
63,2026-04-09,19:05,1481,Queque Vainilla,Pasteles,7,9.78,68.46,Efectivo,José,Sur,Lunes
64,2026-06-02,18:01,1253,Queque Vainilla,Pasteles,4,10.15,40.6,Efectivo,Ana,Sur,Martes
65,2026-01-19,09:29,1716,Dona,Repostería,3,1.2,3.6,Tarjeta,Carlos,Centro,Viernes
66,2026-02-10,07:37,1026,Capuchino,Bebidas,2,3.29,6.58,Tarjeta,Sofía,Sur,Jueves
67,2026-06-27,16:15,1104,Empanada Pollo,Salado,4,2.39,9.56,SINPE,Carlos,Sur,Viernes
68,2026-05-26,06:22,1545,Pan Integral,Pan,2,2.27,4.54,Tarjeta,José,Norte,Lunes
69,2026-04-27,13:06,1443,Café,Bebidas,6,1.9,11.4,Tarjeta,José,Norte,Sábado
70,2026-05-21,10:39,1551,Croissant,Repostería,7,1.45,10.15,Tarjeta,María,Norte,Domingo
71,2026-02-27,20:05,1285,Galletas,Repostería,5,3.44,17.2,Tarjeta,Luis,Norte,Viernes
72,2026-04-28,11:11,1499,Capuchino,Bebidas,7,3.15,22.05,Efectivo,Carlos,Norte,Miércoles
73,2026-05-07,07:15,1737,Queque Chocolate,Pasteles,5,12.07,60.35,Tarjeta,María,Sur,Domingo
74,2026-04-15,18:01,1095,Dona,Repostería,8,1.22,9.76,Tarjeta,Luis,Norte,Sábado
75,2026-03-16,14:33,1352,Dona,Repostería,5,1.22,6.1,Tarjeta,José,Sur,Miércoles
76,2026-03-08,07:46,1197,Queque Vainilla,Pasteles,8,9.77,78.16,Tarjeta,Ana,Sur,Viernes
77,2026-06-16,10:46,1603,Pan Integral,Pan,3,2.13,6.39,SINPE,Sofía,Norte,Lunes
78,2026-03-06,10:00,1725,Pan Dulce,Pan,4,1.08,4.32,SINPE,Luis,Norte,Lunes
79,2026-02-21,19:48,1502,Pan Francés,Pan,5,0.46,2.3,Efectivo,Ana,Sur,Miércoles
80,2026-02-02,10:55,1489,Empanada Queso,Salado,8,2.29,18.32,Efectivo,Ana,Norte,Jueves
81,2026-05-10,07:15,1121,Baguette,Pan,1,1.74,1.74,SINPE,María,Sur,Viernes
82,2026-04-15,20:28,1304,Pan Integral,Pan,4,2.26,9.04,SINPE,María,Norte,Viernes
83,2026-06-04,18:13,1640,Capuchino,Bebidas,1,3.24,3.24,Efectivo,Carlos,Sur,Lunes
84,2026-01-06,06:26,1461,Croissant,Repostería,4,1.45,5.8,SINPE,Sofía,Norte,Miércoles
85,2026-03-23,19:29,1072,Pan Francés,Pan,4,0.44,1.76,SINPE,Luis,Norte,Domingo
86,2026-05-08,16:09,1272,Pan Integral,Pan,4,2.18,8.72,Efectivo,Ana,Centro,Martes
87,2026-05-10,13:07,1479,Pan Integral,Pan,5,2.22,11.1,SINPE,Carlos,Sur,Jueves
88,2026-05-02,20:27,1752,Queque Chocolate,Pasteles,8,11.93,95.44,Tarjeta,Sofía,Norte,Lunes
89,2026-05-19,06:48,1688,Baguette,Pan,4,1.88,7.52,Tarjeta,Sofía,Centro,Domingo
90,2026-06-15,20:17,1185,Pan Integral,Pan,3,2.19,6.57,SINPE,María,Sur,Domingo
91,2026-04-11,11:42,1107,Empanada Queso,Salado,2,2.29,4.58,Efectivo,Carlos,Norte,Sábado
92,2026-04-27,18:35,1037,Empanada Queso,Salado,5,2.34,11.7,Tarjeta,Ana,Norte,Miércoles
93,2026-04-28,14:52,1001,Queque Vainilla,Pasteles,2,10.47,20.94,SINPE,Sofía,Norte,Jueves
94,2026-05-25,13:40,1452,Pan Francés,Pan,4,0.45,1.8,Efectivo,Luis,Norte,Viernes
95,2026-06-16,07:01,1645,Croissant,Repostería,5,1.49,7.45,SINPE,Luis,Sur,Martes
96,2026-01-08,19:58,1116,Queque Chocolate,Pasteles,1,12.06,12.06,Tarjeta,Ana,Sur,Domingo
97,2026-03-17,17:17,1425,Croissant,Repostería,8,1.56,12.48,Tarjeta,María,Centro,Jueves
98,2026-05-17,17:56,1139,Café,Bebidas,3,1.98,5.94,Efectivo,Carlos,Norte,Miércoles
99,2026-03-24,10:53,1601,Muffin,Repostería,5,2.48,12.4,SINPE,José,Norte,Domingo
100,2026-03-11,14:48,1556,Croissant,Repostería,8,1.51,12.08,Tarjeta,María,Norte,Domingo
101,2026-02-28,18:26,1044,Dona,Repostería,4,1.21,4.84,Tarjeta,José,Norte,Sábado
102,2026-06-26,19:41,1155,Muffin,Repostería,7,2.37,16.59,Tarjeta,Ana,Centro,Viernes
103,2026-04-04,14:58,1467,Capuchino,Bebidas,6,3.32,19.92,Efectivo,José,Centro,Jueves
104,2026-03-11,15:44,1407,Pan Dulce,Pan,3,1.05,3.15,SINPE,Ana,Norte,Domingo
105,2026-06-23,20:48,1499,Jugo Natural,Bebidas,7,2.93,20.51,SINPE,Ana,Sur,Lunes
106,2026-06-03,12:06,1778,Dona,Repostería,5,1.26,6.3,SINPE,José,Centro,Jueves
107,2026-01-11,18:03,1300,Croissant,Repostería,5,1.56,7.8,Tarjeta,Carlos,Norte,Martes
108,2026-02-06,08:05,1624,Dona,Repostería,7,1.21,8.47,Tarjeta,Sofía,Sur,Martes
109,2026-06-09,13:16,1682,Empanada Queso,Salado,3,2.24,6.72,Efectivo,María,Norte,Sábado
110,2026-03-19,10:40,1434,Café,Bebidas,3,1.91,5.73,SINPE,Carlos,Norte,Domingo
111,2026-04-04,09:24,1585,Queque Chocolate,Pasteles,4,12.6,50.4,Tarjeta,Sofía,Norte,Sábado
112,2026-06-13,10:00,1579,Queque Chocolate,Pasteles,1,12.57,12.57,SINPE,José,Centro,Viernes
113,2026-03-25,18:14,1621,Galletas,Repostería,8,3.62,28.96,Tarjeta,Luis,Sur,Martes
114,2026-06-25,16:43,1140,Capuchino,Bebidas,5,3.26,16.3,SINPE,Ana,Sur,Sábado
115,2026-01-19,11:46,1134,Pan Francés,Pan,5,0.46,2.3,Efectivo,Carlos,Norte,Sábado
116,2026-05-12,14:32,1279,Empanada Pollo,Salado,3,2.43,7.29,Efectivo,Carlos,Norte,Domingo
117,2026-04-03,08:48,1231,Queque Chocolate,Pasteles,6,12.37,74.22,SINPE,José,Sur,Jueves
118,2026-04-01,10:34,1126,Pan Dulce,Pan,6,1.05,6.3,Tarjeta,Carlos,Sur,Sábado
119,2026-06-12,07:43,1239,Jugo Natural,Bebidas,5,2.82,14.1,Tarjeta,Ana,Sur,Viernes
120,2026-06-27,13:58,1717,Queque Vainilla,Pasteles,4,10.15,40.6,Tarjeta,José,Norte,Lunes
121,2026-03-16,07:06,1240,Croissant,Repostería,1,1.57,1.57,SINPE,Luis,Norte,Jueves
122,2026-06-05,20:26,1670,Queque Vainilla,Pasteles,7,10.09,70.63,Efectivo,María,Sur,Jueves
123,2026-02-15,13:15,1371,Queque Chocolate,Pasteles,1,12.23,12.23,Efectivo,José,Norte,Viernes
124,2026-03-07,07:54,1465,Muffin,Repostería,6,2.29,13.74,Efectivo,José,Centro,Sábado
125,2026-03-08,08:50,1578,Jugo Natural,Bebidas,1,2.67,2.67,Efectivo,Ana,Sur,Martes
126,2026-02-11,18:09,1610,Capuchino,Bebidas,4,3.3,13.2,Efectivo,Carlos,Centro,Martes
127,2026-01-22,19:01,1134,Café,Bebidas,5,2.06,10.3,Efectivo,Carlos,Centro,Viernes
128,2026-01-05,17:26,1538,Queque Vainilla,Pasteles,1,9.67,9.67,Efectivo,José,Centro,Jueves
129,2026-01-15,14:14,1629,Empanada Queso,Salado,6,2.3,13.8,Efectivo,José,Sur,Viernes
130,2026-01-02,13:54,1411,Queque Chocolate,Pasteles,8,12.17,97.36,Tarjeta,José,Centro,Jueves
131,2026-01-11,15:09,1067,Galletas,Repostería,8,3.35,26.8,Efectivo,Carlos,Sur,Sábado
132,2026-05-17,10:29,1517,Capuchino,Bebidas,6,3.16,18.96,SINPE,María,Centro,Domingo
133,2026-06-25,14:46,1220,Galletas,Repostería,2,3.62,7.24,Tarjeta,María,Centro,Jueves
134,2026-06-04,11:27,1320,Queque Vainilla,Pasteles,8,9.9,79.2,SINPE,Carlos,Norte,Martes
135,2026-01-03,12:06,1762,Jugo Natural,Bebidas,8,2.68,21.44,SINPE,Carlos,Centro,Viernes
136,2026-04-12,19:42,1768,Pan Francés,Pan,6,0.46,2.76,Tarjeta,José,Centro,Miércoles
137,2026-05-17,09:09,1672,Capuchino,Bebidas,5,3.15,15.75,Tarjeta,Luis,Centro,Miércoles
138,2026-03-19,09:51,1439,Pan Dulce,Pan,6,1.06,6.36,SINPE,Sofía,Sur,Sábado
139,2026-06-27,17:17,1029,Jugo Natural,Bebidas,1,2.83,2.83,Efectivo,Carlos,Sur,Domingo
140,2026-02-28,08:36,1673,Queque Chocolate,Pasteles,6,11.82,70.92,Tarjeta,Ana,Centro,Sábado
141,2026-05-07,12:26,1464,Jugo Natural,Bebidas,1,2.69,2.69,Tarjeta,Luis,Norte,Miércoles
142,2026-05-20,07:56,1053,Galletas,Repostería,6,3.6,21.6,Efectivo,Luis,Sur,Lunes
143,2026-06-14,13:38,1452,Jugo Natural,Bebidas,2,2.74,5.48,Tarjeta,Carlos,Centro,Domingo
144,2026-01-10,16:43,1607,Café,Bebidas,2,1.97,3.94,Tarjeta,Sofía,Sur,Miércoles
145,2026-05-02,06:13,1308,Pan Francés,Pan,4,0.45,1.8,Efectivo,Luis,Norte,Miércoles
146,2026-06-14,08:08,1389,Queque Vainilla,Pasteles,2,9.51,19.02,SINPE,José,Centro,Viernes
147,2026-06-02,12:01,1470,Café,Bebidas,6,1.91,11.46,Efectivo,Carlos,Sur,Jueves
148,2026-04-10,07:25,1021,Capuchino,Bebidas,7,3.27,22.89,Tarjeta,Luis,Sur,Jueves
149,2026-01-08,12:37,1410,Pan Dulce,Pan,6,1.05,6.3,SINPE,Ana,Norte,Domingo
150,2026-02-03,14:40,1116,Queque Chocolate,Pasteles,6,11.67,70.02,SINPE,Sofía,Centro,Domingo
151,2026-06-27,08:15,1105,Queque Vainilla,Pasteles,6,10.23,61.38,Efectivo,Carlos,Centro,Martes
152,2026-06-03,08:49,1643,Capuchino,Bebidas,3,3.28,9.84,Tarjeta,María,Sur,Domingo
153,2026-05-21,16:39,1330,Capuchino,Bebidas,8,3.26,26.08,SINPE,Carlos,Centro,Jueves
154,2026-03-26,10:37,1057,Baguette,Pan,8,1.79,14.32,Tarjeta,Sofía,Centro,Miércoles
155,2026-03-27,10:04,1660,Empanada Queso,Salado,8,2.19,17.52,Efectivo,Sofía,Sur,Viernes
156,2026-06-02,13:58,1585,Empanada Pollo,Salado,8,2.52,20.16,SINPE,Luis,Norte,Viernes
157,2026-04-04,18:57,1351,Empanada Queso,Salado,3,2.41,7.23,SINPE,Ana,Sur,Sábado
158,2026-04-15,14:33,1624,Croissant,Repostería,1,1.46,1.46,Efectivo,Carlos,Norte,Miércoles
159,2026-06-20,06:50,1646,Empanada Pollo,Salado,7,2.57,17.99,SINPE,Carlos,Centro,Miércoles
160,2026-06-28,16:58,1617,Baguette,Pan,7,1.76,12.32,Efectivo,Carlos,Centro,Viernes
161,2026-03-21,17:42,1401,Jugo Natural,Bebidas,3,2.92,8.76,Efectivo,Sofía,Sur,Lunes
162,2026-03-27,08:42,1719,Queque Chocolate,Pasteles,7,12.17,85.19,SINPE,José,Sur,Lunes
163,2026-01-12,10:11,1219,Jugo Natural,Bebidas,7,2.8,19.6,Tarjeta,María,Centro,Martes
164,2026-01-17,18:34,1756,Croissant,Repostería,3,1.44,4.32,SINPE,Ana,Sur,Miércoles
165,2026-02-06,08:53,1709,Muffin,Repostería,3,2.42,7.26,SINPE,Luis,Sur,Jueves
166,2026-06-08,13:39,1291,Pan Francés,Pan,7,0.44,3.08,SINPE,María,Centro,Viernes
167,2026-04-27,09:23,1694,Dona,Repostería,5,1.26,6.3,SINPE,María,Norte,Domingo
168,2026-04-06,19:12,1619,Queque Chocolate,Pasteles,7,12.0,84.0,Efectivo,Carlos,Centro,Sábado
169,2026-01-23,19:33,1127,Empanada Queso,Salado,6,2.31,13.86,Tarjeta,Ana,Centro,Miércoles
170,2026-01-08,19:28,1357,Empanada Queso,Salado,3,2.38,7.14,Efectivo,María,Centro,Jueves
171,2026-01-12,09:01,1326,Café,Bebidas,6,1.95,11.7,Efectivo,José,Sur,Miércoles
172,2026-03-27,13:44,1142,Pan Integral,Pan,3,2.12,6.36,SINPE,María,Norte,Viernes
173,2026-02-27,08:35,1744,Pan Francés,Pan,2,0.43,0.86,SINPE,Sofía,Norte,Lunes
174,2026-01-02,09:26,1654,Pan Integral,Pan,5,2.14,10.7,SINPE,María,Centro,Lunes
175,2026-01-21,14:36,1247,Pan Dulce,Pan,8,1.11,8.88,SINPE,Luis,Norte,Jueves
176,2026-04-06,16:42,1087,Pan Francés,Pan,6,0.44,2.64,SINPE,Carlos,Centro,Viernes
177,2026-04-02,16:24,1382,Café,Bebidas,1,1.98,1.98,Tarjeta,José,Centro,Miércoles
178,2026-06-22,16:06,1790,Pan Integral,Pan,2,2.17,4.34,SINPE,José,Norte,Martes
179,2026-06-06,19:49,1701,Pan Francés,Pan,6,0.45,2.7,Tarjeta,José,Norte,Sábado
180,2026-04-02,10:12,1044,Croissant,Repostería,3,1.43,4.29,Efectivo,Ana,Norte,Miércoles
181,2026-05-16,10:02,1771,Café,Bebidas,7,2.1,14.7,SINPE,Luis,Norte,Miércoles
182,2026-03-09,07:51,1376,Pan Dulce,Pan,1,1.14,1.14,Tarjeta,María,Sur,Jueves
183,2026-02-16,17:31,1376,Muffin,Repostería,7,2.36,16.52,SINPE,Carlos,Centro,Sábado
184,2026-02-18,10:20,1105,Empanada Pollo,Salado,2,2.48,4.96,Efectivo,Carlos,Sur,Miércoles
185,2026-04-06,17:28,1359,Queque Chocolate,Pasteles,8,12.12,96.96,Tarjeta,Ana,Sur,Domingo
186,2026-04-09,16:50,1058,Muffin,Repostería,6,2.43,14.58,Efectivo,José,Sur,Jueves
187,2026-02-28,15:43,1800,Queque Vainilla,Pasteles,3,10.45,31.35,Tarjeta,Ana,Centro,Lunes
188,2026-05-02,15:09,1695,Dona,Repostería,6,1.18,7.08,Tarjeta,Carlos,Norte,Jueves
189,2026-05-12,12:20,1665,Pan Integral,Pan,2,2.22,4.44,Tarjeta,Luis,Centro,Lunes
190,2026-04-18,07:16,1793,Galletas,Repostería,3,3.5,10.5,Tarjeta,José,Norte,Martes
191,2026-04-07,07:08,1075,Capuchino,Bebidas,5,3.26,16.3,Tarjeta,Luis,Sur,Jueves
192,2026-06-03,14:34,1297,Baguette,Pan,6,1.83,10.98,Tarjeta,Luis,Sur,Sábado
193,2026-05-08,07:12,1142,Muffin,Repostería,3,2.47,7.41,Efectivo,María,Centro,Miércoles
194,2026-05-05,15:56,1088,Café,Bebidas,6,1.99,11.94,Efectivo,Carlos,Norte,Sábado
195,2026-04-27,15:04,1128,Galletas,Repostería,8,3.51,28.08,Tarjeta,José,Centro,Jueves
196,2026-05-21,15:11,1786,Empanada Queso,Salado,6,2.21,13.26,Efectivo,María,Sur,Domingo
197,2026-03-06,08:20,1726,Pan Francés,Pan,2,0.45,0.9,Efectivo,Carlos,Sur,Miércoles
198,2026-06-18,10:08,1640,Pan Dulce,Pan,2,1.07,2.14,Tarjeta,Sofía,Sur,Lunes
199,2026-05-05,08:42,1639,Café,Bebidas,3,2.02,6.06,SINPE,Sofía,Norte,Domingo
200,2026-01-03,06:41,1789,Muffin,Repostería,1,2.48,2.48,SINPE,Carlos,Sur,Martes
201,2026-01-16,20:40,1558,Pan Integral,Pan,7,2.23,15.61,Tarjeta,José,Norte,Jueves
202,2026-01-23,06:10,1450,Dona,Repostería,7,1.18,8.26,Tarjeta,María,Norte,Martes
203,2026-06-11,17:55,1353,Queque Vainilla,Pasteles,3,9.81,29.43,Tarjeta,Luis,Norte,Viernes
204,2026-04-04,10:28,1253,Café,Bebidas,2,1.96,3.92,Efectivo,Ana,Centro,Miércoles
205,2026-02-27,11:59,1591,Empanada Pollo,Salado,7,2.44,17.08,SINPE,Carlos,Centro,Domingo
206,2026-04-16,20:19,1509,Croissant,Repostería,8,1.57,12.56,Efectivo,Ana,Norte,Viernes
207,2026-03-02,06:18,1506,Empanada Queso,Salado,4,2.23,8.92,SINPE,José,Sur,Jueves
208,2026-04-05,20:16,1744,Queque Chocolate,Pasteles,1,12.42,12.42,Tarjeta,María,Norte,Lunes
209,2026-02-12,14:18,1075,Empanada Pollo,Salado,1,2.52,2.52,Tarjeta,Sofía,Norte,Domingo
210,2026-05-22,15:07,1131,Café,Bebidas,5,2.07,10.35,Efectivo,María,Norte,Domingo
211,2026-02-20,14:25,1512,Queque Vainilla,Pasteles,6,10.25,61.5,Efectivo,Ana,Centro,Martes
212,2026-05-15,08:38,1527,Galletas,Repostería,6,3.61,21.66,Efectivo,Carlos,Sur,Miércoles
213,2026-06-27,10:37,1344,Croissant,Repostería,7,1.57,10.99,SINPE,Sofía,Sur,Jueves
214,2026-01-12,11:43,1112,Galletas,Repostería,5,3.49,17.45,Tarjeta,Sofía,Norte,Domingo
215,2026-03-21,18:49,1592,Muffin,Repostería,1,2.42,2.42,SINPE,Luis,Sur,Lunes
216,2026-06-24,15:49,1389,Capuchino,Bebidas,8,3.09,24.72,Efectivo,José,Centro,Lunes
217,2026-04-11,12:09,1422,Capuchino,Bebidas,2,3.1,6.2,SINPE,Luis,Norte,Viernes
218,2026-06-24,06:45,1141,Pan Integral,Pan,8,2.28,18.24,SINPE,Luis,Sur,Miércoles
219,2026-03-06,13:58,1545,Jugo Natural,Bebidas,8,2.81,22.48,Tarjeta,Sofía,Norte,Sábado
220,2026-02-08,10:35,1305,Pan Integral,Pan,5,2.22,11.1,Efectivo,Carlos,Norte,Sábado
221,2026-03-18,20:59,1738,Dona,Repostería,8,1.18,9.44,Tarjeta,Carlos,Centro,Viernes
222,2026-04-27,11:49,1149,Jugo Natural,Bebidas,7,2.91,20.37,Tarjeta,Ana,Norte,Sábado
223,2026-06-09,17:30,1219,Baguette,Pan,6,1.88,11.28,Efectivo,Sofía,Norte,Viernes
224,2026-05-24,15:15,1248,Galletas,Repostería,5,3.37,16.85,Efectivo,José,Sur,Martes
225,2026-04-11,17:30,1102,Jugo Natural,Bebidas,4,2.67,10.68,SINPE,Luis,Centro,Viernes
226,2026-04-16,16:12,1774,Muffin,Repostería,3,2.38,7.14,Tarjeta,Carlos,Norte,Sábado
227,2026-02-18,17:46,1038,Pan Francés,Pan,2,0.46,0.92,Efectivo,María,Centro,Lunes
228,2026-02-24,19:59,1296,Pan Dulce,Pan,7,1.13,7.91,Efectivo,Ana,Norte,Viernes
229,2026-03-10,13:41,1556,Capuchino,Bebidas,2,3.34,6.68,SINPE,María,Centro,Domingo
230,2026-01-11,08:46,1469,Café,Bebidas,8,1.95,15.6,SINPE,Carlos,Sur,Martes
231,2026-05-22,18:12,1179,Pan Francés,Pan,6,0.46,2.76,SINPE,José,Norte,Domingo
232,2026-06-04,08:08,1488,Empanada Pollo,Salado,6,2.4,14.4,Tarjeta,Luis,Centro,Miércoles
233,2026-03-11,10:37,1740,Empanada Pollo,Salado,4,2.49,9.96,SINPE,Ana,Norte,Sábado
234,2026-01-15,10:10,1415,Queque Vainilla,Pasteles,4,9.56,38.24,SINPE,Sofía,Sur,Domingo
235,2026-03-12,15:14,1224,Queque Chocolate,Pasteles,2,12.17,24.34,Efectivo,María,Centro,Jueves
236,2026-05-16,18:34,1680,Galletas,Repostería,6,3.47,20.82,Efectivo,Luis,Sur,Domingo
237,2026-05-23,11:04,1577,Capuchino,Bebidas,2,3.21,6.42,Efectivo,Ana,Sur,Viernes
238,2026-05-15,07:43,1210,Dona,Repostería,3,1.16,3.48,SINPE,Sofía,Norte,Lunes
239,2026-04-05,14:26,1467,Muffin,Repostería,8,2.47,19.76,SINPE,Ana,Sur,Jueves
240,2026-04-09,19:00,1763,Jugo Natural,Bebidas,5,2.86,14.3,Efectivo,Sofía,Centro,Lunes
241,2026-05-02,20:57,1070,Empanada Pollo,Salado,6,2.55,15.3,Tarjeta,Ana,Norte,Jueves
242,2026-06-21,12:23,1391,Croissant,Repostería,3,1.54,4.62,Tarjeta,María,Norte,Lunes
243,2026-03-04,08:34,1402,Jugo Natural,Bebidas,3,2.84,8.52,SINPE,Luis,Sur,Martes
244,2026-03-15,16:46,1557,Pan Dulce,Pan,1,1.13,1.13,Tarjeta,Sofía,Norte,Domingo
245,2026-02-09,09:59,1742,Dona,Repostería,4,1.2,4.8,Efectivo,Ana,Sur,Jueves
246,2026-01-04,15:02,1457,Capuchino,Bebidas,1,3.12,3.12,SINPE,José,Sur,Domingo
247,2026-04-15,09:34,1222,Pan Francés,Pan,4,0.46,1.84,Efectivo,Luis,Sur,Miércoles
248,2026-06-27,11:15,1309,Dona,Repostería,6,1.21,7.26,Efectivo,José,Sur,Martes
249,2026-05-19,20:47,1179,Empanada Pollo,Salado,5,2.44,12.2,SINPE,José,Norte,Viernes
250,2026-06-22,12:50,1537,Empanada Queso,Salado,1,2.41,2.41,Tarjeta,José,Norte,Jueves
251,2026-05-16,09:54,1230,Croissant,Repostería,5,1.48,7.4,Tarjeta,José,Centro,Domingo
252,2026-04-18,14:08,1397,Empanada Queso,Salado,1,2.31,2.31,Efectivo,Carlos,Centro,Miércoles
253,2026-03-03,14:46,1195,Jugo Natural,Bebidas,2,2.92,5.84,Efectivo,Carlos,Norte,Sábado
254,2026-02-26,18:37,1741,Capuchino,Bebidas,1,3.32,3.32,SINPE,Sofía,Centro,Jueves
255,2026-01-07,20:12,1759,Dona,Repostería,6,1.18,7.08,Efectivo,José,Norte,Martes
256,2026-02-18,11:49,1289,Galletas,Repostería,4,3.46,13.84,Tarjeta,María,Sur,Sábado
257,2026-05-16,13:06,1739,Queque Vainilla,Pasteles,5,9.76,48.8,Tarjeta,Carlos,Centro,Miércoles
258,2026-02-24,08:01,1267,Queque Vainilla,Pasteles,7,9.55,66.85,SINPE,Sofía,Sur,Sábado
259,2026-03-08,12:36,1251,Empanada Pollo,Salado,5,2.41,12.05,Tarjeta,Sofía,Sur,Sábado
260,2026-04-24,16:47,1502,Queque Vainilla,Pasteles,5,10.26,51.3,Tarjeta,Luis,Sur,Domingo
261,2026-05-16,08:58,1555,Queque Vainilla,Pasteles,3,9.64,28.92,SINPE,Ana,Sur,Lunes
262,2026-06-02,18:00,1422,Pan Dulce,Pan,2,1.15,2.3,Efectivo,José,Centro,Lunes
263,2026-05-15,11:03,1632,Galletas,Repostería,3,3.33,9.99,SINPE,José,Sur,Jueves
264,2026-05-18,12:00,1017,Jugo Natural,Bebidas,8,2.66,21.28,SINPE,José,Norte,Viernes
265,2026-06-22,12:51,1183,Queque Chocolate,Pasteles,1,12.0,12.0,Efectivo,Ana,Sur,Martes
266,2026-03-27,11:17,1406,Dona,Repostería,4,1.21,4.84,Efectivo,Carlos,Norte,Jueves
267,2026-02-10,16:52,1082,Capuchino,Bebidas,4,3.36,13.44,SINPE,José,Centro,Lunes
268,2026-04-02,16:00,1719,Empanada Pollo,Salado,7,2.47,17.29,Efectivo,Ana,Norte,Domingo
269,2026-01-17,20:02,1235,Empanada Pollo,Salado,6,2.52,15.12,Efectivo,José,Sur,Jueves
270,2026-06-09,20:34,1577,Queque Chocolate,Pasteles,1,12.51,12.51,SINPE,Ana,Centro,Domingo
271,2026-05-05,18:52,1729,Queque Vainilla,Pasteles,1,10.46,10.46,Tarjeta,Ana,Norte,Martes
272,2026-04-22,20:34,1339,Capuchino,Bebidas,4,3.22,12.88,Tarjeta,José,Centro,Domingo
273,2026-03-02,07:27,1237,Galletas,Repostería,2,3.5,7.0,Efectivo,Carlos,Sur,Domingo
274,2026-03-01,16:17,1461,Capuchino,Bebidas,7,3.35,23.45,Tarjeta,Luis,Norte,Viernes
275,2026-05-22,12:05,1790,Empanada Pollo,Salado,7,2.42,16.94,SINPE,Carlos,Centro,Sábado
276,2026-04-23,18:40,1157,Baguette,Pan,2,1.76,3.52,SINPE,María,Norte,Miércoles
277,2026-03-15,11:48,1276,Baguette,Pan,2,1.71,3.42,Efectivo,Luis,Centro,Martes
278,2026-05-14,07:01,1091,Empanada Pollo,Salado,8,2.51,20.08,Tarjeta,Sofía,Centro,Viernes
279,2026-01-10,12:24,1797,Capuchino,Bebidas,6,3.32,19.92,Efectivo,José,Sur,Martes
280,2026-02-05,10:19,1274,Capuchino,Bebidas,3,3.26,9.78,Tarjeta,Luis,Centro,Martes
281,2026-04-26,07:23,1257,Empanada Pollo,Salado,5,2.48,12.4,Efectivo,José,Sur,Jueves
282,2026-02-10,06:25,1340,Capuchino,Bebidas,4,3.19,12.76,SINPE,María,Norte,Jueves
283,2026-06-20,08:19,1328,Queque Vainilla,Pasteles,7,10.32,72.24,SINPE,José,Centro,Jueves
284,2026-03-10,17:44,1648,Queque Vainilla,Pasteles,3,10.46,31.38,Tarjeta,Sofía,Centro,Miércoles
285,2026-04-12,07:59,1577,Empanada Pollo,Salado,5,2.58,12.9,Efectivo,Sofía,Sur,Martes
286,2026-04-23,09:28,1298,Jugo Natural,Bebidas,1,2.93,2.93,SINPE,Ana,Norte,Sábado
287,2026-02-09,16:09,1732,Empanada Queso,Salado,3,2.33,6.99,Tarjeta,María,Centro,Jueves
288,2026-05-17,20:58,1708,Capuchino,Bebidas,8,3.23,25.84,Tarjeta,Sofía,Centro,Domingo
289,2026-02-22,16:22,1170,Queque Vainilla,Pasteles,2,9.61,19.22,SINPE,Sofía,Centro,Viernes
290,2026-03-26,12:06,1010,Jugo Natural,Bebidas,7,2.93,20.51,Efectivo,Carlos,Centro,Viernes
291,2026-04-15,18:43,1602,Galletas,Repostería,4,3.48,13.92,SINPE,Sofía,Centro,Miércoles
292,2026-04-03,07:53,1747,Pan Francés,Pan,8,0.43,3.44,Efectivo,Carlos,Norte,Miércoles
293,2026-03-16,07:28,1739,Empanada Queso,Salado,4,2.3,9.2,SINPE,María,Norte,Lunes
294,2026-01-01,19:21,1663,Queque Chocolate,Pasteles,1,12.37,12.37,Efectivo,José,Centro,Sábado
295,2026-03-18,12:29,1237,Dona,Repostería,3,1.21,3.63,Tarjeta,José,Centro,Martes
296,2026-06-20,20:12,1460,Jugo Natural,Bebidas,7,2.77,19.39,SINPE,María,Norte,Lunes
297,2026-06-26,18:04,1591,Galletas,Repostería,4,3.4,13.6,Efectivo,Sofía,Centro,Miércoles
298,2026-03-22,19:31,1540,Queque Vainilla,Pasteles,4,9.96,39.84,SINPE,Carlos,Sur,Jueves
299,2026-03-12,19:29,1632,Capuchino,Bebidas,7,3.23,22.61,Efectivo,José,Sur,Domingo
300,2026-03-04,09:19,1119,Queque Chocolate,Pasteles,2,12.21,24.42,Efectivo,Carlos,Sur,Martes
301,2026-02-19,12:27,1190,Café,Bebidas,7,1.98,13.86,Tarjeta,José,Sur,Sábado
302,2026-04-10,08:11,1322,Muffin,Repostería,3,2.41,7.23,Tarjeta,Sofía,Centro,Domingo
303,2026-02-27,12:35,1517,Queque Vainilla,Pasteles,1,9.98,9.98,SINPE,María,Norte,Sábado
304,2026-04-16,08:05,1578,Empanada Queso,Salado,7,2.35,16.45,Efectivo,Luis,Norte,Lunes
305,2026-02-25,13:36,1760,Queque Chocolate,Pasteles,4,12.05,48.2,Tarjeta,Sofía,Sur,Lunes
306,2026-05-27,11:34,1774,Capuchino,Bebidas,2,3.13,6.26,Efectivo,José,Norte,Viernes
307,2026-06-25,09:19,1033,Dona,Repostería,7,1.15,8.05,Tarjeta,Carlos,Norte,Domingo
308,2026-01-25,18:15,1214,Pan Dulce,Pan,2,1.09,2.18,SINPE,Sofía,Sur,Miércoles
309,2026-02-26,09:52,1211,Pan Dulce,Pan,7,1.06,7.42,Efectivo,Sofía,Norte,Viernes
310,2026-06-10,10:36,1273,Queque Chocolate,Pasteles,3,11.79,35.37,SINPE,José,Centro,Martes
311,2026-03-28,16:08,1718,Pan Integral,Pan,7,2.29,16.03,Efectivo,Luis,Centro,Sábado
312,2026-06-13,13:09,1591,Queque Vainilla,Pasteles,4,10.26,41.04,SINPE,Carlos,Sur,Jueves
313,2026-01-13,14:47,1284,Empanada Pollo,Salado,8,2.39,19.12,SINPE,Carlos,Norte,Jueves
314,2026-06-03,17:29,1650,Queque Vainilla,Pasteles,1,10.37,10.37,SINPE,José,Norte,Domingo
315,2026-04-27,09:31,1274,Baguette,Pan,7,1.75,12.25,Tarjeta,Carlos,Norte,Viernes
316,2026-04-26,11:57,1698,Capuchino,Bebidas,3,3.22,9.66,Efectivo,Ana,Centro,Sábado
317,2026-02-15,13:00,1438,Pan Integral,Pan,8,2.09,16.72,Efectivo,José,Centro,Sábado
318,2026-03-03,16:23,1256,Queque Chocolate,Pasteles,3,12.45,37.35,Efectivo,Carlos,Sur,Sábado
319,2026-03-24,17:48,1239,Croissant,Repostería,1,1.48,1.48,Tarjeta,José,Centro,Sábado
320,2026-01-05,15:14,1531,Baguette,Pan,1,1.75,1.75,SINPE,María,Centro,Lunes
321,2026-04-23,08:30,1072,Galletas,Repostería,6,3.61,21.66,Efectivo,María,Centro,Sábado
322,2026-03-10,08:24,1792,Pan Integral,Pan,2,2.11,4.22,Efectivo,José,Sur,Martes
323,2026-02-15,11:46,1218,Baguette,Pan,1,1.82,1.82,SINPE,José,Centro,Jueves
324,2026-01-04,08:48,1126,Capuchino,Bebidas,8,3.32,26.56,SINPE,José,Norte,Miércoles
325,2026-02-09,16:05,1254,Empanada Pollo,Salado,6,2.57,15.42,SINPE,Sofía,Sur,Sábado
326,2026-06-01,19:54,1674,Capuchino,Bebidas,5,3.29,16.45,Tarjeta,Luis,Sur,Viernes
327,2026-03-21,06:50,1245,Café,Bebidas,4,2.05,8.2,Tarjeta,María,Centro,Martes
328,2026-01-12,20:20,1135,Empanada Queso,Salado,2,2.31,4.62,Tarjeta,Sofía,Norte,Miércoles
329,2026-01-01,15:04,1014,Café,Bebidas,3,2.05,6.15,Tarjeta,Luis,Centro,Lunes
330,2026-06-23,14:49,1425,Pan Integral,Pan,7,2.2,15.4,Tarjeta,José,Norte,Lunes
331,2026-03-03,14:58,1208,Jugo Natural,Bebidas,3,2.74,8.22,Efectivo,Sofía,Norte,Jueves
332,2026-04-24,19:15,1059,Capuchino,Bebidas,2,3.14,6.28,Efectivo,Ana,Norte,Lunes
333,2026-06-22,17:11,1122,Empanada Queso,Salado,1,2.26,2.26,Efectivo,José,Centro,Sábado
334,2026-03-17,14:50,1738,Pan Francés,Pan,3,0.45,1.35,Tarjeta,Luis,Norte,Martes
335,2026-01-25,20:01,1343,Galletas,Repostería,5,3.58,17.9,Tarjeta,Carlos,Sur,Lunes
336,2026-05-12,06:31,1580,Queque Chocolate,Pasteles,2,12.0,24.0,Efectivo,Carlos,Centro,Miércoles
337,2026-06-24,07:14,1758,Pan Integral,Pan,2,2.29,4.58,SINPE,Ana,Centro,Domingo
338,2026-04-12,12:58,1153,Pan Dulce,Pan,1,1.07,1.07,Efectivo,Ana,Sur,Domingo
339,2026-02-14,20:46,1327,Muffin,Repostería,7,2.33,16.31,Tarjeta,Ana,Sur,Miércoles
340,2026-05-02,12:04,1476,Baguette,Pan,1,1.74,1.74,Tarjeta,Carlos,Norte,Lunes
341,2026-02-10,15:50,1311,Café,Bebidas,8,1.9,15.2,SINPE,Sofía,Centro,Jueves
342,2026-02-24,20:34,1778,Queque Vainilla,Pasteles,8,10.5,84.0,Efectivo,Luis,Centro,Jueves
343,2026-06-27,17:56,1009,Pan Francés,Pan,4,0.45,1.8,Tarjeta,Ana,Sur,Jueves
344,2026-05-08,12:31,1061,Pan Dulce,Pan,5,1.06,5.3,Efectivo,José,Norte,Lunes
345,2026-05-14,17:57,1381,Pan Francés,Pan,4,0.47,1.88,Tarjeta,José,Centro,Viernes
346,2026-04-03,15:36,1063,Baguette,Pan,3,1.82,5.46,Tarjeta,José,Centro,Martes
347,2026-04-23,19:47,1334,Queque Chocolate,Pasteles,5,12.42,62.1,Tarjeta,María,Norte,Martes
348,2026-05-04,08:06,1168,Baguette,Pan,4,1.73,6.92,Tarjeta,María,Norte,Jueves
349,2026-02-15,10:29,1271,Baguette,Pan,6,1.88,11.28,Efectivo,Ana,Centro,Domingo
350,2026-06-20,06:13,1335,Jugo Natural,Bebidas,5,2.89,14.45,Efectivo,Ana,Sur,Martes
351,2026-06-10,10:52,1178,Queque Vainilla,Pasteles,7,10.01,70.07,Efectivo,María,Norte,Viernes
352,2026-01-26,18:08,1124,Galletas,Repostería,4,3.36,13.44,Efectivo,Ana,Centro,Martes
353,2026-06-21,07:37,1600,Dona,Repostería,7,1.18,8.26,Tarjeta,Ana,Centro,Lunes
354,2026-01-28,19:51,1339,Dona,Repostería,8,1.24,9.92,Efectivo,Ana,Norte,Lunes
355,2026-04-16,06:24,1699,Croissant,Repostería,7,1.55,10.85,Tarjeta,Luis,Norte,Martes
356,2026-04-05,06:39,1634,Muffin,Repostería,3,2.35,7.05,SINPE,Luis,Sur,Miércoles
357,2026-04-02,07:17,1392,Empanada Queso,Salado,7,2.39,16.73,Efectivo,María,Centro,Sábado
358,2026-05-26,06:24,1800,Muffin,Repostería,4,2.43,9.72,SINPE,Carlos,Norte,Viernes
359,2026-05-17,11:24,1276,Pan Integral,Pan,8,2.17,17.36,Efectivo,Ana,Norte,Viernes
360,2026-03-02,18:30,1542,Dona,Repostería,1,1.25,1.25,Tarjeta,Sofía,Centro,Martes
361,2026-03-18,19:50,1754,Baguette,Pan,4,1.83,7.32,Efectivo,Luis,Sur,Domingo
362,2026-02-06,09:37,1325,Pan Integral,Pan,7,2.17,15.19,SINPE,José,Norte,Viernes
363,2026-05-05,15:12,1504,Pan Francés,Pan,6,0.47,2.82,SINPE,Carlos,Centro,Jueves
364,2026-05-08,06:33,1489,Pan Francés,Pan,2,0.43,0.86,Efectivo,Carlos,Sur,Martes
365,2026-02-26,19:55,1331,Pan Integral,Pan,3,2.16,6.48,Efectivo,Ana,Centro,Viernes
366,2026-05-28,11:04,1382,Galletas,Repostería,3,3.6,10.8,SINPE,José,Norte,Viernes
367,2026-02-06,17:27,1654,Baguette,Pan,6,1.76,10.56,Tarjeta,José,Norte,Martes
368,2026-05-27,08:24,1314,Galletas,Repostería,6,3.4,20.4,SINPE,José,Norte,Martes
369,2026-05-13,19:49,1581,Croissant,Repostería,1,1.57,1.57,Efectivo,Luis,Sur,Miércoles
370,2026-01-16,08:21,1763,Muffin,Repostería,4,2.43,9.72,Efectivo,Luis,Norte,Miércoles
371,2026-06-21,17:56,1343,Croissant,Repostería,2,1.55,3.1,Tarjeta,Ana,Norte,Martes
372,2026-01-24,06:03,1395,Dona,Repostería,2,1.18,2.36,Tarjeta,José,Norte,Martes
373,2026-04-12,14:24,1103,Muffin,Repostería,7,2.4,16.8,Tarjeta,Sofía,Sur,Domingo
374,2026-01-26,19:02,1301,Jugo Natural,Bebidas,4,2.71,10.84,Efectivo,Carlos,Norte,Lunes
375,2026-04-06,17:04,1560,Baguette,Pan,6,1.74,10.44,Efectivo,Carlos,Sur,Viernes
376,2026-04-21,08:38,1444,Muffin,Repostería,8,2.45,19.6,Efectivo,Ana,Centro,Miércoles
377,2026-05-24,20:46,1553,Dona,Repostería,4,1.19,4.76,Tarjeta,José,Norte,Miércoles
378,2026-05-18,19:31,1157,Dona,Repostería,2,1.15,2.3,Efectivo,Carlos,Centro,Jueves
379,2026-06-20,13:12,1099,Baguette,Pan,5,1.86,9.3,Efectivo,Luis,Centro,Sábado
380,2026-01-10,18:25,1482,Queque Chocolate,Pasteles,2,11.97,23.94,Tarjeta,José,Norte,Lunes
381,2026-04-12,08:28,1045,Jugo Natural,Bebidas,7,2.71,18.97,Tarjeta,María,Norte,Miércoles
382,2026-02-25,17:42,1099,Dona,Repostería,5,1.21,6.05,Efectivo,José,Norte,Domingo
383,2026-05-08,14:03,1396,Café,Bebidas,7,2.09,14.63,SINPE,María,Sur,Sábado
384,2026-02-16,10:05,1404,Pan Dulce,Pan,8,1.11,8.88,SINPE,Ana,Sur,Viernes
385,2026-04-06,08:13,1197,Muffin,Repostería,3,2.31,6.93,Efectivo,Ana,Norte,Lunes
386,2026-06-05,19:38,1264,Jugo Natural,Bebidas,7,2.72,19.04,Tarjeta,José,Centro,Lunes
387,2026-03-17,13:58,1012,Empanada Pollo,Salado,7,2.51,17.57,SINPE,Sofía,Sur,Viernes
388,2026-02-05,15:37,1596,Pan Integral,Pan,7,2.11,14.77,Efectivo,Ana,Sur,Domingo
389,2026-03-14,10:24,1670,Baguette,Pan,5,1.87,9.35,Tarjeta,Sofía,Sur,Jueves
390,2026-02-20,15:43,1710,Pan Francés,Pan,3,0.44,1.32,Tarjeta,Ana,Norte,Miércoles
391,2026-04-09,20:23,1020,Galletas,Repostería,4,3.34,13.36,Tarjeta,Carlos,Norte,Miércoles
392,2026-06-04,19:14,1137,Pan Dulce,Pan,8,1.14,9.12,Tarjeta,José,Norte,Domingo
393,2026-04-20,16:05,1192,Pan Dulce,Pan,6,1.07,6.42,Tarjeta,Luis,Norte,Sábado
394,2026-05-26,08:04,1318,Empanada Queso,Salado,6,2.37,14.22,SINPE,Sofía,Norte,Martes
395,2026-02-27,06:15,1033,Pan Integral,Pan,1,2.13,2.13,Tarjeta,Ana,Norte,Sábado
396,2026-04-17,12:40,1126,Dona,Repostería,5,1.18,5.9,SINPE,Ana,Centro,Miércoles
397,2026-04-19,14:22,1352,Empanada Queso,Salado,8,2.23,17.84,Efectivo,Carlos,Sur,Domingo
398,2026-04-02,08:54,1585,Galletas,Repostería,2,3.42,6.84,Efectivo,Luis,Sur,Martes
399,2026-04-17,06:55,1799,Jugo Natural,Bebidas,4,2.74,10.96,SINPE,Ana,Norte,Martes
400,2026-01-08,10:38,1312,Jugo Natural,Bebidas,3,2.83,8.49,SINPE,José,Sur,Miércoles
401,2026-04-09,09:29,1309,Empanada Pollo,Salado,7,2.59,18.13,SINPE,Sofía,Sur,Jueves
402,2026-06-27,19:23,1574,Capuchino,Bebidas,2,3.04,6.08,SINPE,Sofía,Sur,Miércoles
403,2026-03-09,16:20,1283,Queque Chocolate,Pasteles,2,11.98,23.96,Tarjeta,José,Sur,Sábado
404,2026-02-02,18:54,1614,Queque Chocolate,Pasteles,4,11.58,46.32,Tarjeta,José,Norte,Sábado
405,2026-03-09,20:26,1414,Croissant,Repostería,1,1.52,1.52,Tarjeta,José,Centro,Viernes
406,2026-06-08,16:34,1653,Galletas,Repostería,4,3.45,13.8,Tarjeta,José,Norte,Viernes
407,2026-05-06,10:06,1482,Queque Chocolate,Pasteles,3,12.41,37.23,Efectivo,José,Norte,Sábado
408,2026-03-21,07:14,1363,Pan Integral,Pan,3,2.3,6.9,Efectivo,José,Norte,Jueves
409,2026-05-10,13:54,1120,Pan Integral,Pan,6,2.17,13.02,Tarjeta,Ana,Sur,Viernes
410,2026-02-17,07:55,1697,Capuchino,Bebidas,2,3.19,6.38,Tarjeta,Sofía,Norte,Jueves
411,2026-02-11,12:36,1468,Pan Francés,Pan,3,0.43,1.29,Efectivo,Carlos,Sur,Martes
412,2026-06-06,11:40,1059,Pan Integral,Pan,2,2.2,4.4,Efectivo,María,Norte,Martes
413,2026-02-16,18:48,1798,Pan Integral,Pan,3,2.22,6.66,Efectivo,Luis,Sur,Jueves
414,2026-04-13,06:02,1546,Jugo Natural,Bebidas,7,2.77,19.39,Efectivo,José,Norte,Lunes
415,2026-05-07,06:43,1004,Muffin,Repostería,6,2.46,14.76,SINPE,José,Centro,Martes
416,2026-01-13,14:37,1313,Galletas,Repostería,6,3.43,20.58,Efectivo,Ana,Centro,Miércoles
417,2026-05-17,11:27,1703,Queque Chocolate,Pasteles,8,12.27,98.16,Efectivo,Carlos,Norte,Miércoles
418,2026-04-01,09:14,1744,Pan Integral,Pan,4,2.13,8.52,Efectivo,Luis,Sur,Lunes
419,2026-06-21,18:02,1384,Capuchino,Bebidas,3,3.08,9.24,SINPE,Carlos,Sur,Viernes
420,2026-06-27,06:03,1706,Pan Francés,Pan,1,0.46,0.46,Efectivo,María,Norte,Jueves
421,2026-02-07,17:43,1645,Baguette,Pan,5,1.8,9.0,Efectivo,Carlos,Norte,Sábado
422,2026-06-05,12:53,1107,Baguette,Pan,5,1.82,9.1,SINPE,José,Sur,Lunes
423,2026-04-07,15:12,1796,Queque Chocolate,Pasteles,2,12.34,24.68,Tarjeta,Sofía,Centro,Miércoles
424,2026-01-18,13:58,1212,Galletas,Repostería,7,3.43,24.01,SINPE,María,Norte,Martes
425,2026-01-27,15:42,1505,Pan Francés,Pan,1,0.46,0.46,Efectivo,Ana,Sur,Lunes
426,2026-06-08,13:18,1270,Galletas,Repostería,2,3.64,7.28,Tarjeta,Ana,Centro,Domingo
427,2026-03-26,16:20,1436,Croissant,Repostería,1,1.55,1.55,SINPE,Ana,Centro,Domingo
428,2026-02-22,16:10,1336,Pan Integral,Pan,1,2.09,2.09,Tarjeta,María,Sur,Miércoles
429,2026-03-06,07:25,1409,Muffin,Repostería,2,2.37,4.74,Tarjeta,Carlos,Norte,Sábado
430,2026-06-26,08:07,1135,Pan Dulce,Pan,8,1.13,9.04,SINPE,José,Centro,Domingo
431,2026-05-16,18:36,1694,Croissant,Repostería,2,1.49,2.98,Tarjeta,Luis,Sur,Jueves
432,2026-06-27,17:57,1133,Pan Integral,Pan,6,2.22,13.32,Tarjeta,María,Centro,Jueves
433,2026-06-11,06:45,1694,Empanada Queso,Salado,1,2.2,2.2,SINPE,José,Sur,Sábado
434,2026-06-28,11:33,1535,Capuchino,Bebidas,4,3.35,13.4,SINPE,José,Sur,Lunes
435,2026-06-22,16:24,1152,Empanada Pollo,Salado,4,2.5,10.0,SINPE,Sofía,Centro,Lunes
436,2026-04-28,13:55,1169,Jugo Natural,Bebidas,3,2.8,8.4,Efectivo,María,Norte,Martes
437,2026-02-18,16:24,1412,Queque Vainilla,Pasteles,5,9.55,47.75,Efectivo,Ana,Norte,Jueves
438,2026-04-15,11:07,1509,Pan Integral,Pan,8,2.11,16.88,SINPE,José,Centro,Lunes
439,2026-05-01,19:05,1618,Empanada Pollo,Salado,7,2.38,16.66,SINPE,José,Norte,Viernes
440,2026-04-11,11:52,1055,Café,Bebidas,4,2.03,8.12,Efectivo,María,Norte,Viernes
441,2026-03-23,13:07,1099,Pan Integral,Pan,8,2.25,18.0,SINPE,Luis,Centro,Miércoles
442,2026-03-23,07:02,1168,Queque Vainilla,Pasteles,5,10.05,50.25,Tarjeta,Luis,Sur,Sábado
443,2026-05-07,09:07,1402,Galletas,Repostería,7,3.36,23.52,Efectivo,María,Centro,Sábado
444,2026-01-21,19:43,1602,Queque Vainilla,Pasteles,2,10.26,20.52,Efectivo,María,Norte,Sábado
445,2026-01-17,17:03,1566,Capuchino,Bebidas,3,3.35,10.05,Tarjeta,Sofía,Norte,Viernes
446,2026-02-24,19:08,1106,Pan Integral,Pan,3,2.24,6.72,Tarjeta,José,Sur,Viernes
447,2026-04-14,15:58,1709,Muffin,Repostería,6,2.4,14.4,Efectivo,Carlos,Norte,Miércoles
448,2026-02-14,15:44,1766,Queque Chocolate,Pasteles,8,12.37,98.96,SINPE,Carlos,Sur,Viernes
449,2026-05-21,09:12,1214,Pan Dulce,Pan,6,1.12,6.72,SINPE,José,Norte,Sábado
450,2026-06-06,14:34,1710,Queque Vainilla,Pasteles,3,10.48,31.44,SINPE,Carlos,Sur,Lunes
451,2026-05-19,16:45,1427,Pan Integral,Pan,6,2.21,13.26,SINPE,José,Sur,Miércoles
452,2026-05-04,06:24,1148,Muffin,Repostería,7,2.47,17.29,Efectivo,José,Centro,Martes
453,2026-06-09,08:53,1063,Queque Chocolate,Pasteles,3,12.58,37.74,SINPE,Carlos,Centro,Domingo
454,2026-04-04,15:55,1691,Café,Bebidas,1,1.97,1.97,SINPE,Sofía,Centro,Sábado
455,2026-06-10,17:42,1048,Jugo Natural,Bebidas,7,2.73,19.11,Tarjeta,María,Norte,Domingo
456,2026-01-01,17:16,1207,Jugo Natural,Bebidas,6,2.93,17.58,SINPE,María,Centro,Sábado
457,2026-05-24,15:12,1794,Galletas,Repostería,6,3.59,21.54,SINPE,Luis,Norte,Jueves
458,2026-02-24,14:07,1386,Croissant,Repostería,2,1.45,2.9,Efectivo,María,Norte,Viernes
459,2026-03-01,11:29,1726,Queque Chocolate,Pasteles,3,11.59,34.77,Efectivo,Ana,Centro,Miércoles
460,2026-06-20,19:42,1308,Capuchino,Bebidas,1,3.29,3.29,Tarjeta,Sofía,Sur,Miércoles
461,2026-02-17,07:50,1517,Baguette,Pan,6,1.8,10.8,Efectivo,María,Sur,Viernes
462,2026-02-22,11:21,1369,Empanada Pollo,Salado,2,2.46,4.92,Tarjeta,Luis,Sur,Viernes
463,2026-03-15,09:57,1657,Empanada Queso,Salado,1,2.21,2.21,SINPE,Sofía,Centro,Lunes
464,2026-01-13,10:34,1741,Jugo Natural,Bebidas,6,2.77,16.62,Tarjeta,Ana,Sur,Domingo
465,2026-05-15,13:02,1303,Pan Integral,Pan,6,2.2,13.2,SINPE,Luis,Norte,Viernes
466,2026-05-18,06:40,1067,Baguette,Pan,2,1.74,3.48,Efectivo,José,Sur,Domingo
467,2026-02-18,19:44,1759,Dona,Repostería,7,1.24,8.68,Tarjeta,José,Centro,Sábado
468,2026-06-11,06:05,1075,Jugo Natural,Bebidas,3,2.67,8.01,Efectivo,Luis,Norte,Viernes
469,2026-04-13,13:40,1414,Baguette,Pan,4,1.87,7.48,Tarjeta,Carlos,Centro,Jueves
470,2026-06-24,15:04,1774,Jugo Natural,Bebidas,2,2.81,5.62,SINPE,Sofía,Centro,Sábado
471,2026-05-04,10:50,1702,Pan Dulce,Pan,2,1.08,2.16,Tarjeta,Sofía,Centro,Miércoles
472,2026-06-01,13:10,1546,Pan Integral,Pan,8,2.17,17.36,Efectivo,Luis,Sur,Jueves
473,2026-02-10,16:56,1746,Pan Integral,Pan,5,2.3,11.5,SINPE,Carlos,Centro,Viernes
474,2026-01-19,15:25,1550,Pan Dulce,Pan,3,1.06,3.18,SINPE,Ana,Norte,Martes
475,2026-06-28,14:09,1164,Galletas,Repostería,6,3.4,20.4,Efectivo,Luis,Sur,Domingo
476,2026-06-26,15:54,1055,Queque Chocolate,Pasteles,4,11.54,46.16,SINPE,María,Sur,Viernes
477,2026-03-04,09:46,1594,Baguette,Pan,5,1.83,9.15,Tarjeta,Carlos,Norte,Martes
478,2026-05-03,20:12,1325,Jugo Natural,Bebidas,4,2.69,10.76,Tarjeta,María,Norte,Viernes
479,2026-02-19,15:23,1323,Jugo Natural,Bebidas,5,2.85,14.25,Tarjeta,Luis,Centro,Miércoles
480,2026-06-14,10:53,1368,Dona,Repostería,4,1.23,4.92,Efectivo,José,Sur,Miércoles
481,2026-03-25,10:31,1564,Muffin,Repostería,8,2.39,19.12,Efectivo,Luis,Sur,Viernes
482,2026-02-18,09:16,1751,Baguette,Pan,5,1.86,9.3,SINPE,Ana,Sur,Lunes
483,2026-06-01,19:37,1592,Muffin,Repostería,1,2.48,2.48,Tarjeta,Sofía,Centro,Lunes
484,2026-05-16,16:49,1152,Café,Bebidas,5,2.01,10.05,Tarjeta,María,Centro,Domingo
485,2026-05-17,07:25,1372,Capuchino,Bebidas,5,3.08,15.4,SINPE,Ana,Sur,Martes
486,2026-02-15,08:11,1579,Pan Dulce,Pan,3,1.13,3.39,SINPE,José,Centro,Sábado
487,2026-01-08,18:31,1237,Galletas,Repostería,8,3.65,29.2,Efectivo,Carlos,Norte,Martes
488,2026-03-13,13:58,1465,Pan Francés,Pan,4,0.45,1.8,Efectivo,Ana,Sur,Miércoles
489,2026-03-19,14:36,1178,Baguette,Pan,5,1.86,9.3,Tarjeta,José,Norte,Miércoles
490,2026-04-08,14:25,1361,Capuchino,Bebidas,2,3.21,6.42,Tarjeta,María,Norte,Viernes
491,2026-02-03,14:41,1287,Pan Francés,Pan,3,0.45,1.35,Efectivo,Luis,Centro,Martes
492,2026-04-26,11:46,1116,Queque Vainilla,Pasteles,2,10.16,20.32,Tarjeta,José,Norte,Jueves
493,2026-04-01,09:02,1130,Dona,Repostería,3,1.22,3.66,SINPE,Sofía,Centro,Martes
494,2026-02-02,08:16,1184,Jugo Natural,Bebidas,1,2.91,2.91,SINPE,María,Sur,Viernes
495,2026-06-22,19:18,1087,Jugo Natural,Bebidas,1,2.91,2.91,Efectivo,María,Sur,Jueves
496,2026-04-20,08:50,1596,Pan Dulce,Pan,8,1.06,8.48,Efectivo,Sofía,Sur,Viernes
497,2026-03-15,15:37,1070,Queque Chocolate,Pasteles,3,12.27,36.81,Efectivo,María,Norte,Martes
498,2026-05-22,12:52,1153,Baguette,Pan,1,1.75,1.75,SINPE,Ana,Centro,Jueves
499,2026-05-17,18:07,1095,Muffin,Repostería,1,2.49,2.49,Tarjeta,José,Centro,Viernes
500,2026-06-21,12:33,1430,Café,Bebidas,1,2.08,2.08,Tarjeta,Ana,Sur,Viernes
501,2026-04-26,18:24,1358,Empanada Pollo,Salado,4,2.61,10.44,SINPE,José,Sur,Viernes
502,2026-04-25,09:58,1085,Baguette,Pan,7,1.73,12.11,Tarjeta,Sofía,Sur,Jueves
503,2026-06-26,06:36,1535,Queque Chocolate,Pasteles,4,11.41,45.64,Efectivo,Sofía,Centro,Jueves
504,2026-03-14,11:06,1158,Jugo Natural,Bebidas,4,2.85,11.4,Tarjeta,José,Sur,Miércoles
505,2026-05-09,16:25,1773,Queque Chocolate,Pasteles,7,12.08,84.56,Efectivo,María,Sur,Domingo
506,2026-05-18,13:16,1314,Café,Bebidas,8,1.94,15.52,SINPE,Carlos,Sur,Jueves
507,2026-06-04,17:14,1457,Galletas,Repostería,3,3.62,10.86,SINPE,Luis,Centro,Martes
508,2026-05-20,17:43,1723,Café,Bebidas,7,2.06,14.42,Efectivo,Luis,Norte,Sábado
509,2026-04-20,12:05,1065,Pan Francés,Pan,2,0.46,0.92,Tarjeta,Luis,Norte,Lunes
510,2026-04-20,16:33,1293,Capuchino,Bebidas,1,3.27,3.27,SINPE,Sofía,Centro,Domingo
511,2026-04-01,09:54,1672,Pan Dulce,Pan,3,1.12,3.36,SINPE,Carlos,Centro,Lunes
512,2026-06-02,11:15,1670,Pan Integral,Pan,4,2.23,8.92,Efectivo,Luis,Centro,Miércoles
513,2026-04-13,15:12,1530,Pan Integral,Pan,7,2.17,15.19,Efectivo,José,Sur,Lunes
514,2026-06-27,14:58,1596,Muffin,Repostería,2,2.41,4.82,Tarjeta,Carlos,Norte,Martes
515,2026-04-19,06:16,1179,Capuchino,Bebidas,4,3.19,12.76,Tarjeta,Sofía,Centro,Viernes
516,2026-01-26,14:16,1550,Baguette,Pan,5,1.77,8.85,SINPE,Carlos,Sur,Jueves
517,2026-03-25,13:43,1471,Empanada Pollo,Salado,8,2.57,20.56,SINPE,Ana,Norte,Lunes
518,2026-02-22,17:14,1323,Queque Chocolate,Pasteles,2,11.86,23.72,Tarjeta,Carlos,Sur,Viernes
519,2026-01-13,16:47,1350,Pan Francés,Pan,5,0.44,2.2,Efectivo,Sofía,Centro,Jueves
520,2026-05-09,08:47,1699,Queque Vainilla,Pasteles,6,9.72,58.32,Efectivo,María,Sur,Martes
521,2026-02-08,09:53,1255,Dona,Repostería,4,1.24,4.96,SINPE,Carlos,Centro,Domingo
522,2026-06-22,13:39,1006,Baguette,Pan,2,1.88,3.76,SINPE,Ana,Norte,Miércoles
523,2026-05-28,10:31,1187,Capuchino,Bebidas,6,3.2,19.2,SINPE,Carlos,Norte,Martes
524,2026-04-16,14:02,1514,Pan Integral,Pan,3,2.1,6.3,Tarjeta,María,Sur,Domingo
525,2026-06-17,13:20,1705,Croissant,Repostería,8,1.57,12.56,Efectivo,Ana,Sur,Martes
526,2026-05-28,10:11,1561,Empanada Pollo,Salado,2,2.46,4.92,Tarjeta,Luis,Norte,Jueves
527,2026-04-14,09:26,1717,Capuchino,Bebidas,6,3.16,18.96,Tarjeta,Carlos,Norte,Miércoles
528,2026-05-22,09:52,1102,Empanada Queso,Salado,3,2.32,6.96,SINPE,Carlos,Centro,Viernes
529,2026-06-05,13:51,1009,Empanada Pollo,Salado,7,2.42,16.94,Efectivo,María,Norte,Martes
530,2026-03-09,14:54,1581,Muffin,Repostería,6,2.47,14.82,Efectivo,María,Centro,Sábado
531,2026-03-16,19:40,1098,Croissant,Repostería,1,1.46,1.46,Tarjeta,José,Norte,Miércoles
532,2026-03-12,06:26,1124,Queque Vainilla,Pasteles,6,10.06,60.36,Tarjeta,José,Sur,Martes
533,2026-03-12,11:43,1522,Capuchino,Bebidas,3,3.35,10.05,Tarjeta,José,Norte,Lunes
534,2026-02-28,08:40,1345,Empanada Pollo,Salado,5,2.49,12.45,Tarjeta,José,Sur,Viernes
535,2026-03-08,11:20,1668,Empanada Pollo,Salado,2,2.39,4.78,Tarjeta,José,Norte,Viernes
536,2026-04-25,19:23,1765,Jugo Natural,Bebidas,7,2.74,19.18,SINPE,Sofía,Norte,Jueves
537,2026-02-24,09:42,1257,Croissant,Repostería,3,1.55,4.65,SINPE,José,Sur,Lunes
538,2026-01-03,20:56,1484,Dona,Repostería,3,1.19,3.57,SINPE,Ana,Centro,Domingo
539,2026-05-05,07:41,1399,Empanada Pollo,Salado,2,2.4,4.8,Tarjeta,Luis,Centro,Sábado
540,2026-02-17,19:10,1029,Queque Chocolate,Pasteles,8,12.15,97.2,Efectivo,José,Norte,Domingo
541,2026-04-28,14:59,1278,Muffin,Repostería,6,2.49,14.94,SINPE,María,Centro,Sábado
542,2026-04-21,17:40,1577,Café,Bebidas,3,2.02,6.06,Tarjeta,Sofía,Sur,Sábado
543,2026-04-18,09:51,1091,Café,Bebidas,5,2.08,10.4,Tarjeta,Carlos,Norte,Jueves
544,2026-01-17,19:48,1139,Queque Chocolate,Pasteles,3,11.76,35.28,Tarjeta,Carlos,Norte,Viernes
545,2026-04-10,06:49,1440,Pan Francés,Pan,8,0.47,3.76,Tarjeta,Sofía,Centro,Domingo
546,2026-05-14,12:15,1167,Pan Francés,Pan,6,0.44,2.64,SINPE,José,Sur,Jueves
547,2026-01-14,16:15,1529,Pan Dulce,Pan,7,1.07,7.49,SINPE,José,Sur,Miércoles
548,2026-01-06,08:18,1113,Queque Chocolate,Pasteles,5,11.9,59.5,SINPE,María,Sur,Jueves
549,2026-01-05,06:34,1022,Queque Chocolate,Pasteles,8,11.63,93.04,Efectivo,Ana,Norte,Miércoles
550,2026-02-03,08:00,1505,Croissant,Repostería,8,1.53,12.24,Efectivo,Carlos,Norte,Miércoles
551,2026-04-23,18:02,1338,Pan Integral,Pan,8,2.31,18.48,Efectivo,Luis,Centro,Miércoles
552,2026-04-06,09:57,1256,Pan Integral,Pan,7,2.11,14.77,Tarjeta,Ana,Centro,Domingo
553,2026-04-08,17:02,1203,Galletas,Repostería,4,3.46,13.84,Tarjeta,José,Centro,Viernes
554,2026-06-10,20:20,1162,Jugo Natural,Bebidas,4,2.79,11.16,SINPE,José,Centro,Sábado
555,2026-06-10,09:23,1053,Muffin,Repostería,2,2.34,4.68,SINPE,Luis,Centro,Martes
556,2026-02-26,10:37,1122,Jugo Natural,Bebidas,7,2.75,19.25,Tarjeta,Luis,Centro,Lunes
557,2026-02-12,18:05,1254,Capuchino,Bebidas,8,3.26,26.08,Efectivo,María,Centro,Sábado
558,2026-06-02,06:22,1660,Capuchino,Bebidas,6,3.34,20.04,Efectivo,José,Sur,Domingo
559,2026-03-18,18:41,1774,Baguette,Pan,3,1.8,5.4,Tarjeta,María,Sur,Martes
560,2026-02-09,20:02,1496,Pan Francés,Pan,7,0.44,3.08,SINPE,María,Sur,Miércoles
561,2026-02-18,11:20,1749,Café,Bebidas,8,1.94,15.52,Tarjeta,Carlos,Sur,Domingo
562,2026-02-15,10:52,1269,Café,Bebidas,3,1.91,5.73,SINPE,Carlos,Norte,Lunes
563,2026-01-20,19:23,1794,Pan Integral,Pan,7,2.25,15.75,SINPE,Luis,Norte,Sábado
564,2026-06-16,18:35,1157,Baguette,Pan,7,1.74,12.18,SINPE,Carlos,Norte,Jueves
565,2026-05-22,07:02,1132,Jugo Natural,Bebidas,6,2.69,16.14,Efectivo,Ana,Centro,Lunes
566,2026-05-21,19:24,1673,Empanada Queso,Salado,4,2.21,8.84,Tarjeta,Sofía,Sur,Sábado
567,2026-02-20,17:04,1013,Capuchino,Bebidas,5,3.06,15.3,Efectivo,José,Norte,Domingo
568,2026-01-12,14:47,1425,Baguette,Pan,8,1.85,14.8,Tarjeta,José,Centro,Domingo
569,2026-06-03,19:19,1079,Capuchino,Bebidas,5,3.21,16.05,Efectivo,Sofía,Centro,Lunes
570,2026-02-07,14:42,1254,Galletas,Repostería,4,3.51,14.04,SINPE,José,Centro,Viernes
571,2026-06-19,11:43,1469,Galletas,Repostería,7,3.59,25.13,SINPE,José,Norte,Lunes
572,2026-05-11,16:10,1546,Croissant,Repostería,3,1.51,4.53,SINPE,María,Norte,Miércoles
573,2026-04-25,16:27,1743,Café,Bebidas,6,2.07,12.42,Tarjeta,Sofía,Centro,Viernes
574,2026-05-24,10:23,1463,Café,Bebidas,4,1.98,7.92,Tarjeta,María,Centro,Sábado
575,2026-05-05,20:19,1006,Pan Francés,Pan,5,0.45,2.25,Tarjeta,Luis,Centro,Domingo
576,2026-06-27,10:58,1566,Queque Vainilla,Pasteles,1,10.27,10.27,SINPE,Sofía,Sur,Viernes
577,2026-03-05,08:16,1375,Croissant,Repostería,2,1.43,2.86,SINPE,Luis,Centro,Miércoles
578,2026-04-19,20:13,1751,Pan Integral,Pan,5,2.11,10.55,Efectivo,José,Norte,Domingo
579,2026-06-23,15:52,1097,Empanada Queso,Salado,3,2.3,6.9,SINPE,José,Norte,Lunes
580,2026-01-25,11:22,1444,Galletas,Repostería,7,3.35,23.45,Tarjeta,Ana,Centro,Sábado
581,2026-06-13,06:19,1536,Jugo Natural,Bebidas,1,2.84,2.84,Efectivo,Carlos,Sur,Viernes
582,2026-02-05,06:43,1749,Croissant,Repostería,6,1.5,9.0,Tarjeta,María,Sur,Viernes
583,2026-03-26,12:09,1135,Café,Bebidas,2,1.94,3.88,Tarjeta,Ana,Norte,Viernes
584,2026-03-03,12:32,1444,Galletas,Repostería,1,3.52,3.52,SINPE,Luis,Centro,Jueves
585,2026-06-19,09:35,1630,Café,Bebidas,4,2.0,8.0,SINPE,Sofía,Centro,Martes
586,2026-03-22,20:36,1091,Baguette,Pan,5,1.85,9.25,Efectivo,José,Norte,Jueves
587,2026-03-20,16:01,1788,Queque Vainilla,Pasteles,6,9.69,58.14,Tarjeta,Luis,Norte,Viernes
588,2026-04-02,20:52,1239,Pan Dulce,Pan,8,1.11,8.88,Efectivo,José,Norte,Martes
589,2026-01-08,15:59,1151,Pan Integral,Pan,2,2.11,4.22,Tarjeta,Ana,Norte,Sábado
590,2026-04-01,11:13,1757,Pan Integral,Pan,2,2.16,4.32,SINPE,Luis,Centro,Viernes
591,2026-05-24,08:44,1715,Café,Bebidas,5,2.01,10.05,SINPE,Ana,Norte,Viernes
592,2026-01-10,09:50,1713,Muffin,Repostería,1,2.34,2.34,SINPE,Carlos,Centro,Jueves
593,2026-06-09,16:54,1675,Jugo Natural,Bebidas,1,2.68,2.68,Tarjeta,Ana,Centro,Miércoles
594,2026-04-17,17:06,1323,Pan Dulce,Pan,7,1.07,7.49,Tarjeta,Sofía,Sur,Lunes
595,2026-04-18,20:45,1022,Croissant,Repostería,4,1.5,6.0,Efectivo,Luis,Sur,Miércoles
596,2026-02-01,11:43,1360,Queque Vainilla,Pasteles,8,9.89,79.12,Tarjeta,José,Norte,Martes
597,2026-06-09,20:24,1030,Café,Bebidas,5,2.06,10.3,SINPE,Carlos,Centro,Martes
598,2026-01-24,12:33,1694,Queque Vainilla,Pasteles,7,10.16,71.12,SINPE,José,Sur,Martes
599,2026-04-10,20:38,1337,Empanada Pollo,Salado,4,2.52,10.08,Tarjeta,Sofía,Centro,Martes
600,2026-06-26,09:55,1141,Jugo Natural,Bebidas,3,2.82,8.46,Tarjeta,José,Sur,Viernes
601,2026-02-21,20:36,1161,Muffin,Repostería,3,2.38,7.14,Tarjeta,Ana,Sur,Viernes
602,2026-02-24,06:48,1326,Galletas,Repostería,2,3.39,6.78,Tarjeta,María,Norte,Jueves
603,2026-02-04,08:11,1026,Galletas,Repostería,5,3.38,16.9,SINPE,Sofía,Norte,Viernes
604,2026-02-22,06:22,1081,Capuchino,Bebidas,4,3.23,12.92,SINPE,María,Centro,Viernes
605,2026-03-06,19:24,1503,Pan Dulce,Pan,8,1.12,8.96,Tarjeta,Luis,Centro,Martes
606,2026-01-09,12:14,1760,Dona,Repostería,1,1.19,1.19,SINPE,Luis,Centro,Lunes
607,2026-04-23,11:55,1468,Croissant,Repostería,8,1.56,12.48,Efectivo,María,Norte,Domingo
608,2026-04-20,17:36,1608,Pan Francés,Pan,7,0.46,3.22,SINPE,Sofía,Sur,Sábado
609,2026-04-15,19:56,1043,Pan Integral,Pan,1,2.2,2.2,Efectivo,Sofía,Sur,Jueves
610,2026-05-25,16:03,1194,Galletas,Repostería,1,3.52,3.52,Tarjeta,María,Norte,Miércoles
611,2026-04-10,15:58,1055,Pan Integral,Pan,5,2.19,10.95,SINPE,Sofía,Centro,Jueves
612,2026-05-04,08:49,1599,Pan Dulce,Pan,8,1.05,8.4,SINPE,Sofía,Centro,Jueves
613,2026-02-15,15:57,1729,Empanada Pollo,Salado,6,2.49,14.94,Efectivo,María,Centro,Miércoles
614,2026-01-03,07:45,1460,Queque Vainilla,Pasteles,3,10.22,30.66,SINPE,Carlos,Centro,Viernes
615,2026-05-20,08:24,1563,Galletas,Repostería,7,3.58,25.06,Tarjeta,Ana,Centro,Miércoles
616,2026-02-06,18:45,1052,Capuchino,Bebidas,3,3.09,9.27,Tarjeta,Carlos,Norte,Sábado
617,2026-02-04,20:08,1207,Pan Integral,Pan,8,2.15,17.2,Efectivo,Sofía,Norte,Lunes
618,2026-05-26,06:38,1505,Empanada Queso,Salado,8,2.38,19.04,Efectivo,Luis,Sur,Sábado
619,2026-01-20,15:00,1250,Empanada Queso,Salado,8,2.28,18.24,SINPE,Carlos,Sur,Sábado
620,2026-02-02,16:22,1037,Café,Bebidas,4,1.91,7.64,Efectivo,Ana,Sur,Viernes
621,2026-01-02,07:26,1182,Pan Dulce,Pan,5,1.08,5.4,Efectivo,José,Norte,Viernes
622,2026-06-19,11:59,1036,Jugo Natural,Bebidas,3,2.93,8.79,Efectivo,Carlos,Norte,Miércoles
623,2026-04-27,14:04,1299,Muffin,Repostería,7,2.48,17.36,Tarjeta,Luis,Centro,Sábado
624,2026-04-17,09:44,1214,Pan Dulce,Pan,5,1.08,5.4,SINPE,Ana,Centro,Viernes
625,2026-06-20,20:50,1723,Galletas,Repostería,2,3.49,6.98,Tarjeta,María,Sur,Domingo
626,2026-05-12,20:08,1629,Queque Vainilla,Pasteles,5,10.03,50.15,SINPE,María,Sur,Sábado
627,2026-02-20,09:45,1297,Jugo Natural,Bebidas,8,2.8,22.4,Efectivo,Ana,Centro,Lunes
628,2026-02-26,15:26,1423,Empanada Queso,Salado,2,2.35,4.7,Efectivo,Carlos,Norte,Viernes
629,2026-02-23,10:16,1069,Pan Integral,Pan,4,2.09,8.36,Tarjeta,Carlos,Sur,Viernes
630,2026-03-11,12:46,1582,Queque Vainilla,Pasteles,1,9.61,9.61,SINPE,Ana,Centro,Martes
631,2026-04-16,18:02,1661,Queque Vainilla,Pasteles,6,10.42,62.52,Efectivo,María,Centro,Sábado
632,2026-04-24,06:53,1533,Empanada Queso,Salado,6,2.29,13.74,Tarjeta,Sofía,Sur,Sábado
633,2026-06-11,18:58,1362,Queque Vainilla,Pasteles,1,9.71,9.71,Efectivo,Luis,Norte,Domingo
634,2026-06-18,19:10,1584,Pan Francés,Pan,6,0.47,2.82,SINPE,María,Centro,Viernes
635,2026-03-23,06:17,1423,Baguette,Pan,5,1.84,9.2,Efectivo,María,Centro,Miércoles
636,2026-03-06,07:23,1038,Empanada Queso,Salado,5,2.23,11.15,Efectivo,Ana,Norte,Viernes
637,2026-02-07,11:59,1495,Pan Francés,Pan,8,0.47,3.76,SINPE,Sofía,Norte,Domingo
638,2026-01-27,14:43,1135,Queque Vainilla,Pasteles,3,10.27,30.81,Efectivo,José,Centro,Jueves
639,2026-01-22,19:38,1089,Empanada Pollo,Salado,2,2.38,4.76,Tarjeta,María,Centro,Lunes
640,2026-03-21,20:13,1328,Café,Bebidas,5,1.9,9.5,Efectivo,Luis,Norte,Miércoles
641,2026-06-04,10:09,1161,Café,Bebidas,6,2.05,12.3,Tarjeta,Ana,Centro,Viernes
642,2026-03-18,11:17,1144,Café,Bebidas,2,1.94,3.88,SINPE,Carlos,Sur,Martes
643,2026-03-18,13:03,1133,Croissant,Repostería,2,1.47,2.94,Efectivo,María,Sur,Lunes
644,2026-04-13,08:45,1610,Baguette,Pan,7,1.72,12.04,SINPE,José,Sur,Sábado
645,2026-02-23,18:42,1546,Empanada Queso,Salado,6,2.26,13.56,Efectivo,María,Sur,Martes
646,2026-03-22,16:45,1784,Baguette,Pan,8,1.73,13.84,Tarjeta,María,Centro,Martes
647,2026-04-06,17:58,1681,Croissant,Repostería,5,1.56,7.8,Tarjeta,Carlos,Norte,Jueves
648,2026-03-16,13:54,1174,Pan Francés,Pan,2,0.45,0.9,Tarjeta,Carlos,Sur,Viernes
649,2026-06-26,07:20,1569,Croissant,Repostería,2,1.49,2.98,SINPE,Ana,Norte,Viernes
650,2026-02-20,09:35,1162,Empanada Queso,Salado,7,2.32,16.24,Tarjeta,María,Centro,Miércoles
651,2026-04-19,18:21,1557,Dona,Repostería,7,1.23,8.61,SINPE,Luis,Centro,Sábado
652,2026-06-19,19:31,1117,Jugo Natural,Bebidas,2,2.87,5.74,SINPE,Sofía,Norte,Miércoles
653,2026-02-10,12:04,1612,Café,Bebidas,2,2.06,4.12,Efectivo,José,Sur,Domingo
654,2026-06-22,06:05,1222,Pan Dulce,Pan,7,1.08,7.56,Efectivo,Sofía,Sur,Domingo
655,2026-04-18,10:24,1630,Pan Francés,Pan,3,0.46,1.38,SINPE,María,Centro,Martes
656,2026-06-10,20:59,1445,Jugo Natural,Bebidas,6,2.74,16.44,SINPE,Carlos,Centro,Viernes
657,2026-03-02,11:57,1562,Pan Francés,Pan,7,0.47,3.29,Efectivo,Ana,Sur,Viernes
658,2026-03-28,06:15,1442,Pan Dulce,Pan,6,1.06,6.36,SINPE,Sofía,Norte,Sábado
659,2026-04-18,09:42,1177,Queque Vainilla,Pasteles,7,9.91,69.37,Tarjeta,Luis,Centro,Viernes
660,2026-02-10,19:42,1128,Empanada Pollo,Salado,6,2.58,15.48,Efectivo,Ana,Centro,Sábado
661,2026-04-22,12:08,1086,Pan Francés,Pan,3,0.46,1.38,Efectivo,José,Norte,Domingo
662,2026-04-17,12:35,1460,Empanada Queso,Salado,7,2.33,16.31,Tarjeta,Carlos,Centro,Martes
663,2026-06-08,17:32,1275,Empanada Pollo,Salado,1,2.52,2.52,Tarjeta,Sofía,Sur,Miércoles
664,2026-06-12,07:37,1493,Pan Francés,Pan,1,0.45,0.45,SINPE,Ana,Centro,Sábado
665,2026-01-17,20:39,1090,Galletas,Repostería,5,3.49,17.45,Efectivo,María,Sur,Sábado
666,2026-05-26,15:19,1627,Jugo Natural,Bebidas,2,2.85,5.7,Efectivo,Carlos,Sur,Domingo
667,2026-04-19,17:21,1431,Pan Francés,Pan,8,0.45,3.6,Tarjeta,Carlos,Norte,Martes
668,2026-05-09,06:40,1484,Pan Francés,Pan,5,0.46,2.3,SINPE,Luis,Sur,Lunes
669,2026-05-01,10:31,1084,Jugo Natural,Bebidas,5,2.89,14.45,Efectivo,Sofía,Centro,Domingo
670,2026-05-09,10:54,1263,Pan Integral,Pan,5,2.15,10.75,Efectivo,José,Centro,Viernes
671,2026-03-26,08:16,1717,Croissant,Repostería,3,1.52,4.56,Efectivo,María,Centro,Domingo
672,2026-01-05,15:59,1157,Café,Bebidas,1,1.97,1.97,Tarjeta,María,Norte,Martes
673,2026-02-07,15:46,1353,Jugo Natural,Bebidas,8,2.86,22.88,Efectivo,José,Norte,Domingo
674,2026-04-13,13:19,1487,Pan Dulce,Pan,2,1.05,2.1,SINPE,Sofía,Centro,Jueves
675,2026-02-17,19:27,1012,Jugo Natural,Bebidas,7,2.79,19.53,Tarjeta,María,Norte,Sábado
676,2026-05-21,11:54,1442,Queque Vainilla,Pasteles,1,9.6,9.6,SINPE,José,Norte,Miércoles
677,2026-03-21,15:25,1472,Queque Chocolate,Pasteles,5,12.36,61.8,SINPE,José,Centro,Sábado
678,2026-06-23,08:20,1560,Jugo Natural,Bebidas,4,2.81,11.24,Efectivo,José,Centro,Domingo
679,2026-05-04,16:28,1359,Baguette,Pan,1,1.78,1.78,Efectivo,José,Norte,Miércoles
680,2026-01-02,15:42,1222,Dona,Repostería,1,1.14,1.14,SINPE,José,Centro,Sábado
681,2026-02-13,16:48,1663,Baguette,Pan,2,1.86,3.72,SINPE,Luis,Centro,Sábado
682,2026-06-03,16:29,1283,Croissant,Repostería,5,1.47,7.35,Tarjeta,José,Sur,Domingo
683,2026-01-09,18:03,1391,Pan Integral,Pan,6,2.15,12.9,Tarjeta,Carlos,Centro,Miércoles
684,2026-01-16,20:12,1624,Pan Dulce,Pan,5,1.06,5.3,Tarjeta,Luis,Sur,Jueves
685,2026-04-07,15:41,1108,Baguette,Pan,3,1.81,5.43,Tarjeta,José,Norte,Lunes
686,2026-06-09,18:28,1019,Pan Francés,Pan,2,0.43,0.86,Tarjeta,Luis,Sur,Sábado
687,2026-03-05,17:21,1400,Pan Francés,Pan,1,0.46,0.46,SINPE,Ana,Sur,Sábado
688,2026-04-28,17:49,1071,Pan Integral,Pan,8,2.2,17.6,SINPE,Luis,Centro,Jueves
689,2026-05-12,11:43,1310,Galletas,Repostería,8,3.37,26.96,Tarjeta,Ana,Sur,Sábado
690,2026-03-03,19:29,1778,Baguette,Pan,6,1.81,10.86,Tarjeta,José,Centro,Martes
691,2026-06-07,10:44,1399,Café,Bebidas,1,2.09,2.09,Efectivo,José,Sur,Miércoles
692,2026-04-24,09:08,1036,Empanada Queso,Salado,2,2.39,4.78,Efectivo,Ana,Sur,Viernes
693,2026-05-21,10:31,1546,Dona,Repostería,8,1.19,9.52,Tarjeta,Ana,Centro,Miércoles
694,2026-01-13,07:13,1669,Pan Francés,Pan,6,0.46,2.76,SINPE,Sofía,Norte,Sábado
695,2026-02-03,06:47,1144,Pan Dulce,Pan,3,1.13,3.39,Tarjeta,José,Centro,Jueves
696,2026-06-05,06:11,1647,Muffin,Repostería,1,2.34,2.34,Efectivo,Carlos,Centro,Jueves
697,2026-01-27,19:06,1116,Capuchino,Bebidas,3,3.31,9.93,Tarjeta,Sofía,Sur,Martes
698,2026-06-22,12:20,1123,Baguette,Pan,4,1.79,7.16,SINPE,Sofía,Sur,Martes
699,2026-05-06,11:04,1123,Queque Vainilla,Pasteles,4,10.26,41.04,Tarjeta,Luis,Norte,Martes
700,2026-04-08,20:37,1041,Galletas,Repostería,6,3.52,21.12,Efectivo,Ana,Sur,Viernes
701,2026-04-03,06:00,1183,Empanada Pollo,Salado,3,2.38,7.14,Efectivo,José,Sur,Viernes
702,2026-04-23,08:13,1146,Muffin,Repostería,5,2.38,11.9,SINPE,Carlos,Sur,Jueves
703,2026-05-23,06:38,1184,Empanada Pollo,Salado,4,2.61,10.44,SINPE,María,Sur,Lunes
704,2026-01-18,09:12,1120,Jugo Natural,Bebidas,5,2.76,13.8,SINPE,Ana,Sur,Miércoles
705,2026-06-22,09:17,1054,Pan Dulce,Pan,4,1.1,4.4,Efectivo,Ana,Centro,Sábado
706,2026-02-22,20:02,1055,Pan Dulce,Pan,8,1.1,8.8,SINPE,Carlos,Norte,Martes
707,2026-04-02,07:47,1053,Empanada Pollo,Salado,5,2.46,12.3,SINPE,Luis,Centro,Domingo
708,2026-01-08,17:28,1606,Pan Francés,Pan,8,0.45,3.6,SINPE,Carlos,Norte,Martes
709,2026-01-11,09:06,1242,Galletas,Repostería,6,3.41,20.46,SINPE,María,Centro,Jueves
710,2026-05-16,06:56,1446,Muffin,Repostería,4,2.3,9.2,Efectivo,Luis,Sur,Jueves
711,2026-04-24,09:40,1367,Croissant,Repostería,7,1.48,10.36,Tarjeta,Luis,Norte,Martes
712,2026-01-28,13:29,1428,Pan Francés,Pan,1,0.44,0.44,Efectivo,Carlos,Centro,Miércoles
713,2026-06-20,20:10,1591,Capuchino,Bebidas,3,3.29,9.87,SINPE,Luis,Centro,Jueves
714,2026-02-19,13:53,1473,Pan Dulce,Pan,8,1.14,9.12,Tarjeta,Ana,Sur,Jueves
715,2026-04-19,09:57,1605,Galletas,Repostería,4,3.41,13.64,Efectivo,Sofía,Centro,Jueves
716,2026-06-25,14:02,1435,Pan Francés,Pan,1,0.47,0.47,SINPE,María,Norte,Domingo
717,2026-02-03,14:48,1012,Pan Integral,Pan,2,2.19,4.38,SINPE,José,Norte,Martes
718,2026-06-03,06:30,1685,Croissant,Repostería,6,1.47,8.82,Tarjeta,Luis,Sur,Jueves
719,2026-04-25,08:55,1720,Pan Dulce,Pan,1,1.15,1.15,Tarjeta,Luis,Norte,Sábado
720,2026-01-13,20:44,1340,Empanada Queso,Salado,1,2.38,2.38,SINPE,Ana,Norte,Jueves
721,2026-05-18,15:50,1212,Pan Integral,Pan,5,2.24,11.2,SINPE,Ana,Sur,Miércoles
722,2026-06-12,20:03,1113,Galletas,Repostería,1,3.51,3.51,Tarjeta,Carlos,Norte,Viernes
723,2026-06-18,17:04,1574,Pan Francés,Pan,6,0.44,2.64,SINPE,Luis,Centro,Miércoles
724,2026-06-25,15:55,1719,Dona,Repostería,2,1.22,2.44,Efectivo,José,Centro,Miércoles
725,2026-04-09,06:04,1381,Queque Vainilla,Pasteles,5,10.0,50.0,Tarjeta,María,Norte,Viernes
726,2026-05-22,19:34,1299,Café,Bebidas,2,1.99,3.98,Tarjeta,Sofía,Norte,Domingo
727,2026-04-03,07:25,1183,Jugo Natural,Bebidas,2,2.71,5.42,Tarjeta,Ana,Centro,Martes
728,2026-04-05,19:13,1533,Queque Chocolate,Pasteles,2,12.24,24.48,SINPE,Ana,Norte,Jueves
729,2026-04-15,17:41,1021,Jugo Natural,Bebidas,3,2.79,8.37,Tarjeta,Luis,Centro,Lunes
730,2026-05-21,11:26,1592,Pan Dulce,Pan,4,1.14,4.56,Tarjeta,José,Sur,Domingo
731,2026-06-17,19:35,1455,Queque Vainilla,Pasteles,8,10.09,80.72,Tarjeta,Carlos,Sur,Martes
732,2026-03-08,13:23,1295,Muffin,Repostería,5,2.32,11.6,Efectivo,Luis,Norte,Miércoles
733,2026-02-23,14:18,1186,Empanada Queso,Salado,3,2.33,6.99,Efectivo,José,Sur,Sábado
734,2026-01-02,11:36,1129,Pan Integral,Pan,3,2.13,6.39,Tarjeta,Carlos,Norte,Martes
735,2026-03-05,11:28,1552,Dona,Repostería,1,1.22,1.22,Efectivo,Sofía,Norte,Lunes
736,2026-04-25,08:29,1327,Muffin,Repostería,1,2.38,2.38,Efectivo,Ana,Sur,Viernes
737,2026-03-16,20:18,1772,Café,Bebidas,6,2.03,12.18,SINPE,José,Centro,Domingo
738,2026-01-24,13:57,1041,Capuchino,Bebidas,8,3.15,25.2,Efectivo,José,Sur,Lunes
739,2026-02-15,11:05,1334,Queque Chocolate,Pasteles,1,11.88,11.88,Efectivo,Sofía,Sur,Martes
740,2026-03-07,06:05,1551,Capuchino,Bebidas,4,3.29,13.16,Tarjeta,José,Sur,Lunes
741,2026-03-20,15:32,1057,Café,Bebidas,7,1.94,13.58,SINPE,Carlos,Norte,Martes
742,2026-03-01,10:22,1359,Galletas,Repostería,7,3.45,24.15,Tarjeta,María,Sur,Lunes
743,2026-04-26,13:18,1167,Dona,Repostería,8,1.23,9.84,SINPE,María,Sur,Jueves
744,2026-03-16,19:33,1343,Croissant,Repostería,2,1.45,2.9,Efectivo,Sofía,Norte,Lunes
745,2026-03-14,08:35,1473,Pan Francés,Pan,7,0.46,3.22,SINPE,Sofía,Centro,Martes
746,2026-04-02,19:52,1309,Croissant,Repostería,7,1.47,10.29,SINPE,Carlos,Norte,Viernes
747,2026-01-05,10:19,1655,Galletas,Repostería,8,3.4,27.2,SINPE,María,Centro,Sábado
748,2026-04-23,16:15,1029,Jugo Natural,Bebidas,5,2.78,13.9,Efectivo,Carlos,Norte,Lunes
749,2026-05-14,19:16,1643,Capuchino,Bebidas,6,3.23,19.38,SINPE,María,Sur,Domingo
750,2026-05-01,19:16,1166,Baguette,Pan,6,1.8,10.8,SINPE,Ana,Centro,Miércoles
751,2026-01-09,11:26,1651,Empanada Queso,Salado,3,2.27,6.81,Tarjeta,Ana,Norte,Miércoles
752,2026-06-06,18:06,1613,Café,Bebidas,2,2.0,4.0,Efectivo,Sofía,Norte,Domingo
753,2026-06-23,11:06,1547,Queque Vainilla,Pasteles,5,9.77,48.85,SINPE,Carlos,Centro,Lunes
754,2026-04-14,11:58,1166,Croissant,Repostería,5,1.48,7.4,Efectivo,Luis,Centro,Viernes
755,2026-05-20,17:53,1538,Dona,Repostería,4,1.24,4.96,SINPE,José,Sur,Sábado
756,2026-01-04,19:08,1017,Pan Integral,Pan,2,2.18,4.36,Tarjeta,Carlos,Norte,Sábado
757,2026-05-17,18:21,1176,Queque Vainilla,Pasteles,3,10.32,30.96,SINPE,Carlos,Centro,Sábado
758,2026-06-05,17:14,1314,Pan Dulce,Pan,2,1.07,2.14,Efectivo,Luis,Centro,Lunes
759,2026-04-25,12:02,1201,Empanada Pollo,Salado,2,2.39,4.78,Efectivo,Ana,Sur,Viernes
760,2026-03-02,07:19,1683,Capuchino,Bebidas,1,3.19,3.19,Efectivo,Ana,Centro,Viernes
761,2026-03-01,07:09,1764,Dona,Repostería,4,1.16,4.64,Tarjeta,Sofía,Norte,Miércoles
762,2026-01-04,19:37,1781,Croissant,Repostería,4,1.5,6.0,Efectivo,Sofía,Centro,Sábado
763,2026-05-01,17:06,1219,Dona,Repostería,5,1.16,5.8,SINPE,José,Norte,Miércoles
764,2026-01-06,19:22,1388,Galletas,Repostería,3,3.48,10.44,Tarjeta,Luis,Sur,Martes
765,2026-03-04,13:07,1532,Empanada Pollo,Salado,2,2.57,5.14,Efectivo,María,Norte,Sábado
766,2026-04-04,12:18,1467,Queque Chocolate,Pasteles,1,11.5,11.5,SINPE,José,Norte,Sábado
767,2026-04-10,19:27,1193,Pan Dulce,Pan,8,1.07,8.56,Efectivo,María,Sur,Miércoles
768,2026-04-22,07:25,1448,Croissant,Repostería,1,1.57,1.57,SINPE,José,Sur,Lunes
769,2026-06-19,07:47,1172,Baguette,Pan,3,1.78,5.34,Efectivo,Carlos,Centro,Miércoles
770,2026-04-24,13:17,1783,Dona,Repostería,7,1.15,8.05,SINPE,Sofía,Sur,Miércoles
771,2026-06-20,12:31,1523,Pan Integral,Pan,7,2.17,15.19,Tarjeta,Luis,Norte,Lunes
772,2026-02-21,08:01,1101,Baguette,Pan,5,1.8,9.0,SINPE,Ana,Centro,Jueves
773,2026-04-20,16:20,1156,Jugo Natural,Bebidas,1,2.93,2.93,Tarjeta,Sofía,Sur,Lunes
774,2026-05-25,13:50,1477,Pan Integral,Pan,2,2.24,4.48,Efectivo,Carlos,Sur,Jueves
775,2026-05-18,06:48,1032,Empanada Queso,Salado,5,2.31,11.55,Tarjeta,Ana,Norte,Jueves
776,2026-01-02,08:35,1675,Queque Vainilla,Pasteles,7,9.94,69.58,Tarjeta,José,Centro,Jueves
777,2026-04-16,18:07,1582,Empanada Pollo,Salado,3,2.45,7.35,SINPE,María,Sur,Viernes
778,2026-02-17,06:25,1269,Jugo Natural,Bebidas,8,2.79,22.32,Tarjeta,Sofía,Norte,Viernes
779,2026-03-11,06:01,1604,Jugo Natural,Bebidas,6,2.87,17.22,Efectivo,Luis,Norte,Miércoles
780,2026-06-11,12:06,1438,Pan Integral,Pan,1,2.26,2.26,Tarjeta,Carlos,Norte,Miércoles
781,2026-06-10,15:05,1704,Pan Francés,Pan,4,0.44,1.76,Efectivo,Carlos,Centro,Miércoles
782,2026-01-15,16:55,1432,Croissant,Repostería,1,1.51,1.51,SINPE,Sofía,Norte,Miércoles
783,2026-03-13,15:24,1330,Pan Francés,Pan,8,0.45,3.6,SINPE,Ana,Norte,Lunes
784,2026-05-26,18:42,1347,Galletas,Repostería,4,3.44,13.76,Efectivo,Sofía,Norte,Miércoles
785,2026-01-27,19:34,1219,Empanada Pollo,Salado,4,2.5,10.0,Tarjeta,Carlos,Centro,Miércoles
786,2026-05-24,07:45,1592,Capuchino,Bebidas,7,3.3,23.1,Efectivo,Sofía,Norte,Miércoles
787,2026-03-26,07:41,1309,Baguette,Pan,8,1.79,14.32,SINPE,Carlos,Norte,Sábado
788,2026-04-09,15:32,1464,Café,Bebidas,6,1.94,11.64,SINPE,Sofía,Centro,Lunes
789,2026-02-22,19:47,1478,Jugo Natural,Bebidas,3,2.82,8.46,Tarjeta,José,Sur,Domingo
790,2026-06-21,06:33,1205,Capuchino,Bebidas,7,3.34,23.38,Tarjeta,María,Centro,Martes
791,2026-04-11,19:53,1065,Croissant,Repostería,5,1.55,7.75,SINPE,Luis,Norte,Miércoles
792,2026-03-22,15:15,1415,Pan Dulce,Pan,5,1.12,5.6,Efectivo,Ana,Centro,Martes
793,2026-03-15,13:35,1446,Pan Francés,Pan,4,0.46,1.84,Tarjeta,José,Centro,Martes
794,2026-03-26,18:17,1674,Croissant,Repostería,5,1.45,7.25,SINPE,Luis,Sur,Domingo
795,2026-01-28,20:05,1321,Pan Francés,Pan,8,0.46,3.68,SINPE,Carlos,Centro,Jueves
796,2026-01-13,19:46,1143,Muffin,Repostería,6,2.44,14.64,Efectivo,Ana,Sur,Sábado
797,2026-05-25,20:33,1257,Café,Bebidas,2,2.0,4.0,Tarjeta,Ana,Centro,Viernes
798,2026-05-24,12:51,1766,Baguette,Pan,6,1.77,10.62,SINPE,Luis,Norte,Martes
799,2026-03-15,12:16,1603,Croissant,Repostería,2,1.45,2.9,Efectivo,María,Sur,Miércoles
800,2026-04-16,16:15,1284,Galletas,Repostería,2,3.44,6.88,Efectivo,Carlos,Norte,Sábado
801,2026-05-02,19:47,1678,Queque Vainilla,Pasteles,5,9.52,47.6,Efectivo,José,Sur,Martes
802,2026-06-12,20:51,1701,Queque Chocolate,Pasteles,7,11.77,82.39,Efectivo,Sofía,Centro,Domingo
803,2026-04-09,10:05,1774,Empanada Queso,Salado,7,2.19,15.33,Efectivo,Carlos,Centro,Domingo
804,2026-06-11,20:51,1785,Muffin,Repostería,3,2.5,7.5,SINPE,María,Centro,Miércoles
805,2026-04-16,17:26,1340,Pan Dulce,Pan,2,1.14,2.28,SINPE,María,Centro,Domingo
806,2026-03-14,15:46,1560,Croissant,Repostería,5,1.5,7.5,SINPE,Carlos,Norte,Sábado
807,2026-02-21,13:50,1656,Pan Francés,Pan,1,0.46,0.46,Efectivo,Ana,Norte,Martes
808,2026-01-04,08:15,1528,Jugo Natural,Bebidas,5,2.75,13.75,SINPE,José,Centro,Domingo
809,2026-03-15,13:55,1752,Capuchino,Bebidas,7,3.29,23.03,Efectivo,Carlos,Centro,Sábado
810,2026-02-03,12:23,1186,Capuchino,Bebidas,6,3.3,19.8,Tarjeta,María,Sur,Martes
811,2026-06-20,16:14,1091,Pan Francés,Pan,1,0.47,0.47,Tarjeta,Luis,Norte,Sábado
812,2026-05-14,15:16,1152,Pan Dulce,Pan,3,1.05,3.15,Efectivo,Carlos,Centro,Viernes
813,2026-04-25,20:59,1464,Baguette,Pan,1,1.84,1.84,SINPE,María,Centro,Martes
814,2026-03-10,17:31,1391,Galletas,Repostería,4,3.39,13.56,Efectivo,María,Centro,Viernes
815,2026-02-14,08:26,1149,Dona,Repostería,5,1.23,6.15,Efectivo,Carlos,Norte,Martes
816,2026-03-19,16:41,1469,Capuchino,Bebidas,8,3.33,26.64,Efectivo,Ana,Norte,Martes
817,2026-04-22,09:45,1392,Pan Dulce,Pan,6,1.15,6.9,SINPE,María,Sur,Viernes
818,2026-01-02,11:59,1240,Queque Chocolate,Pasteles,2,11.51,23.02,Tarjeta,Carlos,Sur,Sábado
819,2026-05-20,12:19,1404,Pan Integral,Pan,1,2.09,2.09,SINPE,Carlos,Centro,Viernes
820,2026-05-16,20:21,1479,Pan Francés,Pan,3,0.44,1.32,Efectivo,Ana,Norte,Sábado
821,2026-01-11,06:08,1511,Café,Bebidas,7,1.93,13.51,Tarjeta,José,Norte,Jueves
822,2026-03-17,11:27,1168,Queque Chocolate,Pasteles,5,12.14,60.7,Tarjeta,José,Norte,Domingo
823,2026-02-02,09:11,1036,Croissant,Repostería,8,1.43,11.44,Tarjeta,Carlos,Centro,Sábado
824,2026-04-02,13:22,1726,Empanada Queso,Salado,7,2.21,15.47,SINPE,María,Norte,Jueves
825,2026-01-07,19:18,1184,Baguette,Pan,3,1.73,5.19,Efectivo,José,Sur,Domingo
826,2026-01-17,18:36,1184,Queque Chocolate,Pasteles,4,12.1,48.4,Tarjeta,Ana,Centro,Domingo
827,2026-01-10,16:43,1124,Empanada Queso,Salado,2,2.39,4.78,Tarjeta,Carlos,Sur,Lunes
828,2026-01-15,19:45,1675,Pan Dulce,Pan,6,1.06,6.36,Tarjeta,María,Sur,Miércoles
829,2026-01-21,15:28,1332,Capuchino,Bebidas,1,3.15,3.15,SINPE,José,Sur,Martes
830,2026-03-11,18:03,1761,Dona,Repostería,1,1.24,1.24,Efectivo,Sofía,Sur,Jueves
831,2026-02-25,19:25,1091,Baguette,Pan,7,1.76,12.32,Efectivo,Luis,Centro,Jueves
832,2026-06-05,07:19,1502,Pan Integral,Pan,7,2.15,15.05,Tarjeta,José,Norte,Sábado
833,2026-01-27,11:32,1204,Capuchino,Bebidas,3,3.15,9.45,Tarjeta,María,Norte,Jueves
834,2026-04-26,11:39,1190,Queque Chocolate,Pasteles,7,11.51,80.57,Tarjeta,José,Norte,Lunes
835,2026-06-08,16:43,1730,Pan Francés,Pan,6,0.47,2.82,Efectivo,María,Sur,Sábado
836,2026-04-03,20:51,1489,Jugo Natural,Bebidas,2,2.74,5.48,Tarjeta,Luis,Centro,Sábado
837,2026-05-14,10:36,1048,Muffin,Repostería,5,2.48,12.4,SINPE,Ana,Centro,Viernes
838,2026-04-22,17:36,1259,Baguette,Pan,7,1.78,12.46,Tarjeta,Carlos,Sur,Lunes
839,2026-06-15,08:50,1186,Pan Integral,Pan,1,2.12,2.12,Tarjeta,Ana,Centro,Jueves
840,2026-06-15,18:42,1460,Muffin,Repostería,5,2.36,11.8,SINPE,Carlos,Norte,Domingo
841,2026-01-24,15:16,1689,Pan Integral,Pan,3,2.14,6.42,Efectivo,María,Sur,Lunes
842,2026-02-21,13:29,1708,Pan Francés,Pan,7,0.43,3.01,Tarjeta,José,Sur,Viernes
843,2026-05-12,17:43,1706,Galletas,Repostería,8,3.43,27.44,SINPE,María,Norte,Lunes
844,2026-01-27,06:44,1192,Croissant,Repostería,3,1.43,4.29,Efectivo,Luis,Norte,Sábado
845,2026-06-28,18:34,1195,Croissant,Repostería,4,1.49,5.96,Efectivo,Carlos,Norte,Martes
846,2026-02-05,17:44,1455,Empanada Queso,Salado,7,2.19,15.33,Tarjeta,María,Centro,Domingo
847,2026-05-27,19:25,1052,Empanada Queso,Salado,4,2.23,8.92,Tarjeta,Ana,Centro,Sábado
848,2026-04-24,15:38,1748,Pan Dulce,Pan,7,1.15,8.05,SINPE,Carlos,Centro,Jueves
849,2026-06-20,20:43,1499,Empanada Pollo,Salado,8,2.5,20.0,Efectivo,José,Centro,Viernes
850,2026-05-03,10:57,1663,Pan Francés,Pan,7,0.45,3.15,Tarjeta,María,Centro,Jueves
851,2026-04-01,08:18,1743,Capuchino,Bebidas,6,3.18,19.08,Efectivo,María,Norte,Jueves
852,2026-06-11,20:38,1732,Dona,Repostería,4,1.21,4.84,SINPE,María,Centro,Miércoles
853,2026-06-21,17:23,1483,Galletas,Repostería,7,3.66,25.62,Efectivo,Sofía,Centro,Miércoles
854,2026-02-06,09:10,1620,Galletas,Repostería,2,3.56,7.12,Tarjeta,Ana,Norte,Jueves
855,2026-01-01,11:56,1267,Queque Chocolate,Pasteles,4,11.65,46.6,Tarjeta,José,Centro,Martes
856,2026-03-14,07:39,1232,Pan Dulce,Pan,1,1.13,1.13,Efectivo,Sofía,Centro,Jueves
857,2026-01-25,20:35,1273,Queque Chocolate,Pasteles,6,12.34,74.04,Efectivo,José,Sur,Viernes
858,2026-04-26,13:53,1773,Jugo Natural,Bebidas,2,2.86,5.72,Efectivo,Ana,Sur,Viernes
859,2026-01-17,07:10,1645,Pan Integral,Pan,2,2.27,4.54,Efectivo,Luis,Norte,Martes
860,2026-05-16,17:55,1101,Galletas,Repostería,5,3.57,17.85,Efectivo,José,Norte,Miércoles
861,2026-02-15,12:49,1787,Pan Dulce,Pan,3,1.06,3.18,Efectivo,Luis,Norte,Miércoles
862,2026-03-23,18:26,1369,Queque Chocolate,Pasteles,3,11.5,34.5,SINPE,José,Centro,Martes
863,2026-02-26,12:26,1419,Pan Integral,Pan,7,2.26,15.82,Tarjeta,Sofía,Sur,Miércoles
864,2026-01-23,18:33,1071,Pan Francés,Pan,8,0.43,3.44,Efectivo,Carlos,Norte,Jueves
865,2026-04-25,06:42,1656,Pan Integral,Pan,3,2.19,6.57,Efectivo,Sofía,Centro,Sábado
866,2026-06-23,14:55,1311,Galletas,Repostería,5,3.47,17.35,SINPE,José,Norte,Miércoles
867,2026-05-05,17:25,1456,Pan Francés,Pan,5,0.47,2.35,SINPE,Luis,Sur,Viernes
868,2026-06-13,18:12,1308,Pan Integral,Pan,8,2.24,17.92,Efectivo,Ana,Sur,Miércoles
869,2026-05-10,09:05,1523,Empanada Pollo,Salado,3,2.51,7.53,SINPE,Carlos,Sur,Miércoles
870,2026-05-19,10:15,1792,Pan Integral,Pan,3,2.1,6.3,Tarjeta,José,Norte,Viernes
871,2026-03-21,14:22,1126,Baguette,Pan,1,1.86,1.86,Efectivo,José,Centro,Jueves
872,2026-02-26,17:37,1579,Queque Chocolate,Pasteles,1,11.94,11.94,SINPE,José,Sur,Viernes
873,2026-03-22,18:52,1732,Pan Dulce,Pan,4,1.08,4.32,SINPE,José,Centro,Sábado
874,2026-05-19,09:52,1797,Empanada Pollo,Salado,4,2.4,9.6,Tarjeta,María,Centro,Martes
875,2026-01-03,06:27,1133,Galletas,Repostería,7,3.61,25.27,Tarjeta,Luis,Norte,Lunes
876,2026-05-25,12:55,1270,Queque Vainilla,Pasteles,7,10.09,70.63,SINPE,María,Sur,Jueves
877,2026-04-27,08:09,1517,Empanada Queso,Salado,8,2.35,18.8,Efectivo,María,Sur,Jueves
878,2026-04-16,06:47,1160,Croissant,Repostería,2,1.53,3.06,SINPE,Carlos,Centro,Viernes
879,2026-03-19,10:02,1535,Pan Dulce,Pan,7,1.06,7.42,Efectivo,Ana,Norte,Miércoles
880,2026-01-26,08:09,1603,Queque Vainilla,Pasteles,5,9.79,48.95,Tarjeta,Ana,Norte,Miércoles
881,2026-04-01,07:35,1357,Dona,Repostería,3,1.24,3.72,Efectivo,Ana,Norte,Jueves
882,2026-03-26,12:30,1737,Capuchino,Bebidas,5,3.22,16.1,SINPE,Luis,Centro,Viernes
883,2026-06-15,08:55,1745,Jugo Natural,Bebidas,8,2.87,22.96,Tarjeta,Ana,Sur,Sábado
884,2026-04-11,14:02,1686,Capuchino,Bebidas,7,3.16,22.12,Tarjeta,José,Norte,Sábado
885,2026-05-21,18:49,1724,Baguette,Pan,3,1.84,5.52,Tarjeta,Sofía,Sur,Lunes
886,2026-05-18,15:48,1054,Jugo Natural,Bebidas,2,2.71,5.42,SINPE,Sofía,Centro,Domingo
887,2026-05-06,06:17,1210,Empanada Queso,Salado,1,2.21,2.21,Efectivo,José,Sur,Jueves
888,2026-01-16,19:59,1023,Baguette,Pan,6,1.78,10.68,Tarjeta,María,Centro,Jueves
889,2026-01-04,07:34,1172,Pan Francés,Pan,6,0.44,2.64,Tarjeta,Luis,Centro,Miércoles
890,2026-04-22,08:03,1629,Pan Integral,Pan,2,2.12,4.24,Tarjeta,Luis,Centro,Sábado
891,2026-03-05,12:57,1331,Pan Francés,Pan,5,0.45,2.25,Tarjeta,María,Centro,Lunes
892,2026-05-08,13:32,1770,Dona,Repostería,4,1.23,4.92,SINPE,María,Centro,Miércoles
893,2026-04-03,13:01,1417,Pan Francés,Pan,6,0.45,2.7,SINPE,Luis,Centro,Miércoles
894,2026-05-21,18:08,1311,Café,Bebidas,2,1.95,3.9,SINPE,María,Norte,Lunes
895,2026-02-12,14:10,1800,Pan Dulce,Pan,4,1.13,4.52,Efectivo,Sofía,Norte,Viernes
896,2026-04-27,15:18,1668,Empanada Queso,Salado,1,2.19,2.19,Efectivo,Ana,Centro,Jueves
897,2026-04-12,19:40,1217,Queque Chocolate,Pasteles,5,12.41,62.05,SINPE,Sofía,Norte,Lunes
898,2026-04-23,07:53,1143,Croissant,Repostería,2,1.47,2.94,SINPE,Sofía,Norte,Jueves
899,2026-03-21,10:48,1724,Dona,Repostería,6,1.25,7.5,Tarjeta,Carlos,Centro,Sábado
900,2026-05-11,06:58,1708,Queque Vainilla,Pasteles,6,9.71,58.26,Efectivo,José,Centro,Viernes
901,2026-06-06,12:35,1713,Empanada Queso,Salado,1,2.39,2.39,SINPE,María,Norte,Viernes
902,2026-06-15,16:07,1361,Baguette,Pan,2,1.81,3.62,Tarjeta,Sofía,Norte,Jueves
903,2026-03-07,13:00,1226,Croissant,Repostería,1,1.44,1.44,SINPE,Ana,Norte,Sábado
904,2026-05-21,10:51,1735,Muffin,Repostería,6,2.33,13.98,Efectivo,Luis,Norte,Miércoles
905,2026-06-23,15:13,1007,Pan Francés,Pan,5,0.45,2.25,Efectivo,José,Norte,Lunes
906,2026-04-06,14:12,1675,Pan Dulce,Pan,5,1.11,5.55,SINPE,Sofía,Sur,Sábado
907,2026-02-24,07:08,1265,Capuchino,Bebidas,3,3.06,9.18,SINPE,Luis,Sur,Sábado
908,2026-06-01,17:43,1545,Pan Integral,Pan,5,2.13,10.65,SINPE,Carlos,Sur,Viernes
909,2026-04-21,16:41,1053,Muffin,Repostería,8,2.28,18.24,Tarjeta,María,Norte,Miércoles
910,2026-05-25,06:56,1738,Baguette,Pan,8,1.8,14.4,Efectivo,Ana,Norte,Jueves
911,2026-04-07,11:05,1585,Café,Bebidas,8,1.96,15.68,Efectivo,José,Centro,Sábado
912,2026-02-06,11:19,1064,Empanada Pollo,Salado,2,2.6,5.2,SINPE,José,Centro,Lunes
913,2026-05-26,16:59,1342,Empanada Queso,Salado,7,2.37,16.59,Tarjeta,Luis,Centro,Jueves
914,2026-03-17,18:15,1074,Dona,Repostería,6,1.24,7.44,SINPE,Sofía,Norte,Domingo
915,2026-01-02,20:02,1386,Baguette,Pan,8,1.81,14.48,Tarjeta,José,Centro,Domingo
916,2026-04-02,10:39,1641,Croissant,Repostería,1,1.56,1.56,Tarjeta,Ana,Centro,Sábado
917,2026-04-13,07:39,1770,Pan Francés,Pan,1,0.44,0.44,Tarjeta,Luis,Sur,Domingo
918,2026-04-26,12:56,1635,Jugo Natural,Bebidas,1,2.79,2.79,SINPE,Ana,Norte,Sábado
919,2026-03-19,09:06,1105,Jugo Natural,Bebidas,1,2.79,2.79,Efectivo,Sofía,Sur,Lunes
920,2026-02-21,14:16,1363,Capuchino,Bebidas,4,3.33,13.32,Tarjeta,María,Sur,Viernes
921,2026-01-02,08:19,1598,Empanada Queso,Salado,3,2.24,6.72,Tarjeta,Sofía,Sur,Domingo
922,2026-05-25,08:09,1480,Queque Vainilla,Pasteles,5,10.08,50.4,Tarjeta,Sofía,Norte,Miércoles
923,2026-06-22,08:03,1243,Queque Vainilla,Pasteles,1,10.02,10.02,SINPE,Sofía,Centro,Jueves
924,2026-06-07,18:04,1349,Queque Vainilla,Pasteles,4,10.48,41.92,Efectivo,José,Norte,Sábado
925,2026-03-28,15:36,1343,Galletas,Repostería,8,3.53,28.24,SINPE,Carlos,Norte,Miércoles
926,2026-01-16,09:58,1003,Croissant,Repostería,2,1.49,2.98,SINPE,Luis,Sur,Martes
927,2026-06-25,19:21,1757,Empanada Queso,Salado,4,2.24,8.96,Tarjeta,Luis,Norte,Martes
928,2026-01-12,06:35,1117,Pan Dulce,Pan,1,1.08,1.08,Efectivo,Carlos,Norte,Martes
929,2026-01-07,09:18,1178,Jugo Natural,Bebidas,6,2.67,16.02,Efectivo,Carlos,Sur,Martes
930,2026-01-06,19:16,1103,Queque Vainilla,Pasteles,4,9.68,38.72,Efectivo,José,Centro,Jueves
931,2026-02-10,13:15,1378,Jugo Natural,Bebidas,2,2.75,5.5,Tarjeta,José,Centro,Viernes
932,2026-01-04,08:56,1133,Pan Integral,Pan,7,2.28,15.96,Efectivo,Luis,Sur,Jueves
933,2026-04-21,09:58,1047,Galletas,Repostería,6,3.44,20.64,SINPE,Sofía,Centro,Domingo
934,2026-03-08,06:40,1286,Café,Bebidas,5,2.06,10.3,Efectivo,Sofía,Sur,Jueves
935,2026-06-20,07:10,1520,Dona,Repostería,2,1.23,2.46,Tarjeta,José,Sur,Miércoles
936,2026-06-12,14:44,1494,Empanada Queso,Salado,8,2.23,17.84,SINPE,María,Norte,Miércoles
937,2026-05-21,06:13,1224,Capuchino,Bebidas,7,3.24,22.68,Efectivo,María,Centro,Jueves
938,2026-04-19,08:59,1383,Dona,Repostería,5,1.19,5.95,Tarjeta,Sofía,Centro,Martes
939,2026-05-12,09:37,1042,Pan Integral,Pan,2,2.15,4.3,Tarjeta,Sofía,Sur,Miércoles
940,2026-04-12,18:31,1324,Empanada Pollo,Salado,8,2.49,19.92,Tarjeta,María,Centro,Martes
941,2026-01-12,20:05,1301,Empanada Queso,Salado,4,2.25,9.0,SINPE,Sofía,Sur,Sábado
942,2026-01-04,07:23,1039,Baguette,Pan,5,1.88,9.4,SINPE,Luis,Norte,Martes
943,2026-06-27,18:43,1281,Jugo Natural,Bebidas,6,2.73,16.38,Efectivo,José,Sur,Martes
944,2026-03-10,19:22,1413,Pan Dulce,Pan,5,1.05,5.25,Tarjeta,Sofía,Sur,Lunes
945,2026-02-08,17:47,1214,Empanada Queso,Salado,3,2.38,7.14,Tarjeta,Luis,Sur,Viernes
946,2026-04-11,18:05,1320,Pan Integral,Pan,8,2.25,18.0,Efectivo,María,Sur,Jueves
947,2026-05-01,11:08,1591,Dona,Repostería,8,1.19,9.52,Efectivo,Carlos,Sur,Lunes
948,2026-04-14,16:48,1413,Empanada Queso,Salado,6,2.26,13.56,SINPE,Sofía,Norte,Miércoles
949,2026-01-05,08:21,1581,Capuchino,Bebidas,1,3.22,3.22,SINPE,Sofía,Sur,Viernes
950,2026-02-13,07:34,1395,Pan Dulce,Pan,7,1.15,8.05,Efectivo,María,Centro,Miércoles
951,2026-03-03,08:06,1691,Capuchino,Bebidas,8,3.24,25.92,SINPE,Luis,Centro,Domingo
952,2026-02-03,20:24,1290,Galletas,Repostería,8,3.33,26.64,Efectivo,Luis,Norte,Sábado
953,2026-03-17,06:10,1334,Café,Bebidas,2,1.99,3.98,Tarjeta,María,Centro,Lunes
954,2026-01-13,20:55,1211,Croissant,Repostería,7,1.5,10.5,Efectivo,Luis,Norte,Jueves
955,2026-05-10,15:12,1514,Pan Dulce,Pan,8,1.06,8.48,SINPE,José,Norte,Miércoles
956,2026-04-03,19:25,1619,Dona,Repostería,1,1.26,1.26,Efectivo,Sofía,Norte,Viernes
957,2026-05-02,17:05,1294,Muffin,Repostería,8,2.39,19.12,SINPE,María,Norte,Sábado
958,2026-02-14,09:11,1632,Pan Dulce,Pan,5,1.09,5.45,SINPE,María,Norte,Jueves
959,2026-01-13,17:02,1245,Muffin,Repostería,3,2.45,7.35,Efectivo,Carlos,Sur,Viernes
960,2026-06-07,20:31,1421,Queque Chocolate,Pasteles,2,12.24,24.48,SINPE,Ana,Norte,Lunes
961,2026-03-14,13:10,1258,Pan Integral,Pan,2,2.2,4.4,Efectivo,Sofía,Centro,Jueves
962,2026-06-24,13:24,1351,Pan Francés,Pan,2,0.46,0.92,SINPE,María,Centro,Jueves
963,2026-06-05,11:42,1766,Pan Francés,Pan,1,0.44,0.44,Tarjeta,María,Norte,Lunes
964,2026-04-05,13:52,1285,Baguette,Pan,4,1.84,7.36,Efectivo,Luis,Centro,Viernes
965,2026-05-24,12:10,1079,Baguette,Pan,3,1.76,5.28,SINPE,Ana,Sur,Miércoles
966,2026-02-23,06:57,1691,Croissant,Repostería,8,1.48,11.84,SINPE,Luis,Norte,Sábado
967,2026-03-15,06:38,1004,Pan Francés,Pan,2,0.45,0.9,Efectivo,María,Centro,Martes
968,2026-01-14,06:00,1345,Queque Vainilla,Pasteles,4,9.7,38.8,Efectivo,José,Sur,Lunes
969,2026-06-06,17:10,1045,Dona,Repostería,2,1.24,2.48,Tarjeta,Sofía,Centro,Domingo
970,2026-02-20,09:59,1554,Queque Vainilla,Pasteles,6,10.06,60.36,Tarjeta,María,Centro,Martes
971,2026-02-01,12:41,1323,Dona,Repostería,2,1.18,2.36,Efectivo,María,Centro,Jueves
972,2026-03-21,15:23,1044,Dona,Repostería,2,1.22,2.44,Efectivo,Luis,Norte,Miércoles
973,2026-01-23,14:50,1582,Pan Integral,Pan,8,2.31,18.48,Efectivo,Carlos,Centro,Viernes
974,2026-06-05,11:11,1650,Queque Vainilla,Pasteles,7,10.18,71.26,SINPE,Carlos,Sur,Jueves
975,2026-05-15,12:32,1655,Baguette,Pan,6,1.71,10.26,SINPE,Luis,Sur,Viernes
976,2026-05-25,20:07,1316,Galletas,Repostería,1,3.41,3.41,Efectivo,José,Norte,Domingo
977,2026-03-16,10:12,1155,Dona,Repostería,2,1.15,2.3,Tarjeta,Luis,Sur,Lunes
978,2026-03-05,10:20,1659,Dona,Repostería,8,1.23,9.84,Efectivo,Sofía,Norte,Sábado
979,2026-02-28,17:21,1350,Pan Dulce,Pan,5,1.13,5.65,Efectivo,Luis,Sur,Lunes
980,2026-06-24,09:38,1390,Muffin,Repostería,4,2.47,9.88,SINPE,Carlos,Centro,Jueves
981,2026-04-03,09:03,1649,Jugo Natural,Bebidas,1,2.68,2.68,Efectivo,Luis,Centro,Lunes
982,2026-01-14,17:29,1318,Croissant,Repostería,4,1.46,5.84,Efectivo,José,Centro,Martes
983,2026-03-10,15:28,1650,Empanada Pollo,Salado,3,2.53,7.59,Efectivo,Carlos,Norte,Lunes
984,2026-04-15,12:32,1624,Queque Vainilla,Pasteles,7,9.88,69.16,SINPE,María,Centro,Domingo
985,2026-04-14,19:05,1777,Pan Integral,Pan,8,2.09,16.72,Tarjeta,Sofía,Sur,Martes
986,2026-04-10,13:18,1384,Café,Bebidas,3,1.95,5.85,SINPE,Sofía,Norte,Lunes
987,2026-02-05,20:12,1004,Queque Vainilla,Pasteles,3,10.21,30.63,Efectivo,Sofía,Sur,Sábado
988,2026-04-13,17:23,1393,Queque Vainilla,Pasteles,8,9.9,79.2,Tarjeta,Carlos,Sur,Viernes
989,2026-01-13,20:36,1166,Baguette,Pan,7,1.87,13.09,Efectivo,María,Norte,Domingo
990,2026-04-21,17:23,1713,Muffin,Repostería,6,2.4,14.4,Efectivo,José,Norte,Jueves
991,2026-01-27,11:40,1723,Galletas,Repostería,4,3.41,13.64,SINPE,Ana,Sur,Sábado
992,2026-04-22,08:16,1253,Jugo Natural,Bebidas,3,2.73,8.19,SINPE,Sofía,Sur,Domingo
993,2026-01-21,17:58,1393,Croissant,Repostería,1,1.44,1.44,Tarjeta,José,Sur,Lunes
994,2026-02-27,12:16,1708,Café,Bebidas,4,2.08,8.32,Tarjeta,Sofía,Sur,Sábado
995,2026-06-14,18:56,1745,Muffin,Repostería,7,2.42,16.94,Efectivo,Ana,Sur,Viernes
996,2026-03-24,09:59,1766,Pan Integral,Pan,6,2.27,13.62,Tarjeta,José,Norte,Lunes
997,2026-01-25,17:26,1537,Croissant,Repostería,8,1.43,11.44,Tarjeta,José,Norte,Sábado
998,2026-02-23,08:12,1498,Empanada Pollo,Salado,3,2.42,7.26,Efectivo,Sofía,Centro,Jueves
999,2026-01-24,08:51,1777,Capuchino,Bebidas,4,3.1,12.4,Efectivo,Carlos,Norte,Jueves
1000,2026-02-03,10:05,1386,Jugo Natural,Bebidas,2,2.9,5.8,Efectivo,Carlos,Centro,Miércoles
1001,2026-06-25,07:00,1062,Pan Francés,Pan,4,0.45,1.8,Tarjeta,Ana,Sur,Viernes
1002,2026-05-26,06:24,1617,Pan Integral,Pan,1,2.11,2.11,SINPE,Carlos,Norte,Jueves
1003,2026-03-12,16:56,1351,Pan Integral,Pan,6,2.22,13.32,Tarjeta,Luis,Norte,Sábado
1004,2026-03-28,11:51,1102,Empanada Pollo,Salado,7,2.53,17.71,Efectivo,María,Sur,Jueves
1005,2026-01-28,14:17,1716,Galletas,Repostería,3,3.33,9.99,Efectivo,Carlos,Norte,Viernes
1006,2026-06-07,06:40,1329,Jugo Natural,Bebidas,8,2.8,22.4,Efectivo,José,Norte,Domingo
1007,2026-02-20,13:25,1756,Pan Francés,Pan,6,0.46,2.76,SINPE,Ana,Norte,Jueves
1008,2026-06-04,17:24,1300,Muffin,Repostería,8,2.52,20.16,SINPE,Luis,Sur,Martes
1009,2026-01-10,19:43,1561,Pan Dulce,Pan,1,1.06,1.06,Tarjeta,Luis,Norte,Lunes
1010,2026-02-25,16:44,1091,Empanada Queso,Salado,4,2.24,8.96,Efectivo,María,Sur,Lunes
1011,2026-03-08,17:16,1681,Croissant,Repostería,6,1.56,9.36,Tarjeta,José,Centro,Sábado
1012,2026-06-11,19:14,1589,Croissant,Repostería,8,1.44,11.52,SINPE,Ana,Sur,Miércoles
1013,2026-05-28,12:51,1238,Empanada Pollo,Salado,7,2.54,17.78,Efectivo,Carlos,Centro,Miércoles
1014,2026-06-19,20:12,1762,Baguette,Pan,2,1.73,3.46,Efectivo,Sofía,Norte,Martes
1015,2026-05-24,06:19,1063,Pan Dulce,Pan,6,1.15,6.9,SINPE,Sofía,Centro,Domingo
1016,2026-03-26,16:59,1129,Empanada Pollo,Salado,7,2.45,17.15,SINPE,José,Sur,Viernes
1017,2026-05-28,13:20,1148,Dona,Repostería,2,1.19,2.38,Tarjeta,Luis,Norte,Sábado
1018,2026-02-24,16:54,1719,Empanada Queso,Salado,3,2.32,6.96,Efectivo,Sofía,Norte,Miércoles
1019,2026-06-19,13:40,1220,Café,Bebidas,2,1.95,3.9,Tarjeta,Carlos,Sur,Jueves
1020,2026-06-07,19:46,1230,Pan Francés,Pan,6,0.43,2.58,SINPE,José,Centro,Domingo
1021,2026-06-13,10:52,1675,Pan Integral,Pan,3,2.28,6.84,Efectivo,Ana,Sur,Jueves
1022,2026-03-25,12:25,1073,Queque Vainilla,Pasteles,7,10.18,71.26,SINPE,José,Norte,Miércoles
1023,2026-05-13,07:08,1331,Galletas,Repostería,4,3.57,14.28,SINPE,Ana,Sur,Miércoles
1024,2026-04-23,13:18,1148,Empanada Queso,Salado,3,2.32,6.96,Efectivo,Luis,Sur,Martes
1025,2026-05-04,16:50,1151,Galletas,Repostería,1,3.45,3.45,Tarjeta,María,Sur,Domingo
1026,2026-04-06,06:07,1527,Croissant,Repostería,1,1.44,1.44,SINPE,Carlos,Sur,Jueves
1027,2026-01-08,12:31,1309,Croissant,Repostería,7,1.46,10.22,SINPE,Sofía,Centro,Sábado
1028,2026-06-22,07:49,1474,Galletas,Repostería,7,3.6,25.2,SINPE,María,Norte,Sábado
1029,2026-01-04,07:07,1500,Jugo Natural,Bebidas,8,2.76,22.08,SINPE,José,Sur,Martes
1030,2026-06-04,18:37,1185,Pan Francés,Pan,8,0.44,3.52,Tarjeta,María,Sur,Sábado
1031,2026-01-11,07:45,1550,Empanada Pollo,Salado,5,2.52,12.6,Efectivo,María,Sur,Lunes
1032,2026-05-18,17:52,1667,Empanada Pollo,Salado,8,2.39,19.12,Efectivo,Luis,Sur,Lunes
1033,2026-04-26,11:07,1040,Croissant,Repostería,3,1.43,4.29,Efectivo,Sofía,Centro,Sábado
1034,2026-01-03,07:32,1305,Croissant,Repostería,2,1.51,3.02,Tarjeta,Sofía,Centro,Jueves
1035,2026-01-17,20:50,1300,Jugo Natural,Bebidas,1,2.73,2.73,SINPE,Sofía,Norte,Martes
1036,2026-05-12,15:34,1522,Capuchino,Bebidas,8,3.26,26.08,Efectivo,José,Centro,Sábado
1037,2026-02-05,10:54,1220,Pan Dulce,Pan,1,1.07,1.07,Efectivo,Sofía,Sur,Martes
1038,2026-06-20,12:04,1563,Capuchino,Bebidas,6,3.13,18.78,Tarjeta,Carlos,Norte,Sábado
1039,2026-01-09,16:27,1711,Muffin,Repostería,3,2.38,7.14,Efectivo,Sofía,Centro,Lunes
1040,2026-06-21,09:45,1381,Jugo Natural,Bebidas,5,2.94,14.7,SINPE,José,Sur,Domingo
1041,2026-02-11,18:27,1388,Café,Bebidas,3,1.98,5.94,Efectivo,Sofía,Centro,Lunes
1042,2026-06-18,12:04,1337,Queque Chocolate,Pasteles,2,12.04,24.08,SINPE,Ana,Norte,Miércoles
1043,2026-02-09,06:06,1386,Pan Integral,Pan,5,2.12,10.6,Efectivo,María,Centro,Domingo
1044,2026-06-10,15:52,1501,Muffin,Repostería,2,2.32,4.64,Efectivo,Sofía,Norte,Sábado
1045,2026-05-04,20:03,1174,Capuchino,Bebidas,5,3.22,16.1,Tarjeta,María,Centro,Miércoles
1046,2026-02-09,06:43,1525,Pan Integral,Pan,7,2.19,15.33,SINPE,Luis,Sur,Martes
1047,2026-03-02,20:46,1654,Croissant,Repostería,7,1.51,10.57,Tarjeta,José,Centro,Sábado
1048,2026-02-15,11:51,1479,Capuchino,Bebidas,7,3.27,22.89,SINPE,Carlos,Norte,Jueves
1049,2026-01-10,12:49,1320,Café,Bebidas,4,1.96,7.84,Efectivo,José,Centro,Lunes
1050,2026-02-19,06:05,1761,Galletas,Repostería,4,3.66,14.64,Tarjeta,Sofía,Norte,Domingo
1051,2026-04-22,14:59,1748,Pan Dulce,Pan,1,1.15,1.15,Efectivo,María,Norte,Viernes
1052,2026-05-07,20:53,1763,Jugo Natural,Bebidas,2,2.77,5.54,Efectivo,José,Norte,Sábado
1053,2026-06-22,20:52,1540,Café,Bebidas,6,1.95,11.7,SINPE,Sofía,Centro,Viernes
1054,2026-05-08,08:04,1375,Empanada Queso,Salado,3,2.34,7.02,Efectivo,Sofía,Norte,Lunes
1055,2026-03-04,11:58,1695,Empanada Pollo,Salado,8,2.47,19.76,Efectivo,Sofía,Centro,Miércoles
1056,2026-02-01,17:40,1582,Queque Chocolate,Pasteles,8,11.75,94.0,Tarjeta,Luis,Norte,Sábado
1057,2026-05-28,13:03,1364,Café,Bebidas,1,2.09,2.09,Efectivo,Sofía,Norte,Miércoles
1058,2026-03-24,08:25,1363,Queque Chocolate,Pasteles,6,11.53,69.18,Efectivo,Ana,Norte,Jueves
1059,2026-02-14,07:58,1499,Dona,Repostería,2,1.2,2.4,Efectivo,Luis,Sur,Miércoles
1060,2026-03-12,12:57,1186,Dona,Repostería,8,1.19,9.52,SINPE,Carlos,Centro,Jueves
1061,2026-03-24,12:00,1367,Jugo Natural,Bebidas,8,2.71,21.68,SINPE,Luis,Centro,Martes
1062,2026-04-24,11:57,1032,Queque Chocolate,Pasteles,1,11.56,11.56,Efectivo,José,Centro,Jueves
1063,2026-04-18,13:51,1698,Jugo Natural,Bebidas,5,2.69,13.45,SINPE,Luis,Norte,Domingo
1064,2026-06-27,19:24,1134,Pan Integral,Pan,7,2.2,15.4,Efectivo,Ana,Centro,Martes
1065,2026-06-08,06:43,1350,Croissant,Repostería,6,1.5,9.0,Tarjeta,Sofía,Sur,Lunes
1066,2026-04-03,18:27,1253,Empanada Pollo,Salado,8,2.45,19.6,SINPE,Luis,Sur,Viernes
1067,2026-01-28,10:44,1253,Croissant,Repostería,4,1.47,5.88,SINPE,María,Centro,Jueves
1068,2026-05-20,08:12,1605,Galletas,Repostería,2,3.57,7.14,SINPE,José,Centro,Martes
1069,2026-03-07,20:09,1436,Baguette,Pan,3,1.78,5.34,Efectivo,Sofía,Centro,Lunes
1070,2026-05-10,17:40,1236,Pan Dulce,Pan,1,1.09,1.09,Efectivo,Carlos,Norte,Jueves
1071,2026-03-04,10:23,1287,Pan Francés,Pan,7,0.46,3.22,Tarjeta,José,Norte,Martes
1072,2026-01-02,16:47,1329,Queque Vainilla,Pasteles,1,9.68,9.68,Efectivo,Carlos,Norte,Miércoles
1073,2026-03-16,11:21,1311,Muffin,Repostería,2,2.38,4.76,Efectivo,Ana,Sur,Lunes
1074,2026-06-26,11:47,1797,Jugo Natural,Bebidas,3,2.75,8.25,SINPE,Sofía,Sur,Miércoles
1075,2026-04-03,20:06,1133,Dona,Repostería,5,1.17,5.85,SINPE,José,Sur,Lunes
1076,2026-04-04,07:34,1633,Pan Francés,Pan,4,0.44,1.76,Tarjeta,Carlos,Sur,Jueves
1077,2026-02-02,08:12,1428,Pan Integral,Pan,4,2.21,8.84,SINPE,José,Norte,Domingo
1078,2026-04-21,17:07,1446,Pan Dulce,Pan,6,1.14,6.84,Efectivo,María,Norte,Viernes
1079,2026-03-23,08:18,1046,Muffin,Repostería,1,2.32,2.32,SINPE,Ana,Sur,Martes
1080,2026-05-28,14:04,1169,Galletas,Repostería,7,3.5,24.5,Tarjeta,Sofía,Norte,Viernes
1081,2026-03-07,08:00,1163,Pan Integral,Pan,7,2.18,15.26,SINPE,Luis,Sur,Sábado
1082,2026-06-17,10:19,1225,Pan Francés,Pan,8,0.45,3.6,Tarjeta,José,Norte,Viernes
1083,2026-05-08,10:02,1654,Baguette,Pan,3,1.75,5.25,Efectivo,Carlos,Centro,Miércoles
1084,2026-02-27,09:34,1118,Pan Dulce,Pan,1,1.12,1.12,Efectivo,José,Norte,Sábado
1085,2026-06-18,10:46,1136,Capuchino,Bebidas,6,3.14,18.84,Tarjeta,Sofía,Norte,Miércoles
1086,2026-02-24,10:11,1262,Pan Francés,Pan,1,0.46,0.46,Efectivo,Sofía,Sur,Domingo
1087,2026-06-13,16:16,1641,Pan Integral,Pan,2,2.25,4.5,SINPE,Sofía,Sur,Martes
1088,2026-03-07,15:40,1770,Pan Dulce,Pan,8,1.07,8.56,Tarjeta,Luis,Norte,Martes
1089,2026-04-03,13:11,1470,Galletas,Repostería,7,3.45,24.15,Efectivo,Luis,Centro,Viernes
1090,2026-01-10,08:56,1181,Empanada Queso,Salado,3,2.33,6.99,Tarjeta,José,Sur,Martes
1091,2026-02-15,20:41,1412,Baguette,Pan,3,1.72,5.16,Efectivo,José,Sur,Martes
1092,2026-04-13,06:07,1013,Galletas,Repostería,1,3.54,3.54,SINPE,Ana,Centro,Martes
1093,2026-06-20,06:50,1009,Pan Integral,Pan,2,2.15,4.3,Efectivo,Sofía,Sur,Domingo
1094,2026-04-25,15:57,1454,Queque Vainilla,Pasteles,2,9.7,19.4,Efectivo,Carlos,Norte,Jueves
1095,2026-06-09,16:34,1126,Croissant,Repostería,4,1.43,5.72,Efectivo,Ana,Centro,Viernes
1096,2026-04-05,06:58,1229,Queque Chocolate,Pasteles,2,12.01,24.02,Efectivo,Luis,Norte,Jueves
1097,2026-02-22,12:43,1732,Croissant,Repostería,6,1.52,9.12,Efectivo,María,Centro,Lunes
1098,2026-03-12,07:39,1341,Dona,Repostería,2,1.25,2.5,Efectivo,Carlos,Centro,Lunes
1099,2026-05-11,15:11,1695,Capuchino,Bebidas,3,3.1,9.3,Tarjeta,Luis,Sur,Sábado
1100,2026-01-09,20:31,1677,Queque Chocolate,Pasteles,5,11.82,59.1,Tarjeta,Carlos,Sur,Domingo
1101,2026-02-25,16:09,1327,Baguette,Pan,1,1.87,1.87,Efectivo,María,Norte,Sábado
1102,2026-01-19,12:46,1285,Pan Integral,Pan,8,2.27,18.16,Efectivo,Ana,Norte,Martes
1103,2026-04-14,13:44,1423,Croissant,Repostería,7,1.48,10.36,SINPE,José,Norte,Martes
1104,2026-05-16,14:34,1504,Pan Integral,Pan,4,2.17,8.68,SINPE,Sofía,Centro,Jueves
1105,2026-06-26,17:14,1719,Baguette,Pan,7,1.8,12.6,Efectivo,Luis,Norte,Lunes
1106,2026-04-05,20:07,1061,Dona,Repostería,1,1.18,1.18,Tarjeta,Carlos,Centro,Miércoles
1107,2026-05-14,09:13,1229,Empanada Queso,Salado,3,2.38,7.14,Efectivo,José,Centro,Lunes
1108,2026-01-23,12:23,1055,Galletas,Repostería,3,3.46,10.38,SINPE,Ana,Sur,Viernes
1109,2026-02-01,08:23,1144,Baguette,Pan,8,1.86,14.88,Efectivo,Luis,Centro,Lunes
1110,2026-02-16,17:08,1766,Capuchino,Bebidas,7,3.09,21.63,SINPE,José,Norte,Jueves
1111,2026-06-23,06:18,1113,Empanada Pollo,Salado,6,2.49,14.94,Efectivo,Ana,Sur,Lunes
1112,2026-01-13,19:27,1696,Capuchino,Bebidas,3,3.2,9.6,Tarjeta,Sofía,Sur,Domingo
1113,2026-04-06,10:05,1534,Queque Chocolate,Pasteles,5,12.25,61.25,Tarjeta,Luis,Sur,Martes
1114,2026-02-27,17:35,1619,Empanada Pollo,Salado,1,2.43,2.43,Efectivo,José,Norte,Jueves
1115,2026-02-02,18:23,1662,Queque Vainilla,Pasteles,7,10.33,72.31,Tarjeta,Luis,Norte,Lunes
1116,2026-03-01,09:18,1166,Baguette,Pan,2,1.78,3.56,SINPE,Ana,Centro,Martes
1117,2026-03-07,14:12,1653,Capuchino,Bebidas,1,3.28,3.28,Efectivo,Luis,Norte,Lunes
1118,2026-04-02,06:20,1095,Capuchino,Bebidas,1,3.22,3.22,Tarjeta,Ana,Norte,Domingo
1119,2026-03-25,12:46,1364,Queque Chocolate,Pasteles,7,12.0,84.0,Efectivo,José,Sur,Lunes
1120,2026-05-04,14:51,1793,Queque Vainilla,Pasteles,7,10.4,72.8,Efectivo,Ana,Sur,Domingo
1121,2026-01-10,08:09,1698,Empanada Pollo,Salado,8,2.52,20.16,Tarjeta,Ana,Sur,Lunes
1122,2026-06-21,08:49,1735,Galletas,Repostería,4,3.63,14.52,Efectivo,Sofía,Sur,Sábado
1123,2026-02-11,10:23,1638,Capuchino,Bebidas,6,3.18,19.08,Tarjeta,Ana,Sur,Domingo
1124,2026-05-20,07:09,1580,Jugo Natural,Bebidas,7,2.73,19.11,SINPE,María,Centro,Domingo
1125,2026-03-18,19:51,1800,Pan Francés,Pan,3,0.46,1.38,Efectivo,María,Centro,Jueves
1126,2026-02-03,10:36,1372,Queque Vainilla,Pasteles,3,10.43,31.29,Tarjeta,Ana,Centro,Martes
1127,2026-04-09,18:56,1452,Galletas,Repostería,8,3.42,27.36,SINPE,Luis,Centro,Viernes
1128,2026-03-13,12:54,1634,Empanada Queso,Salado,1,2.27,2.27,SINPE,Luis,Norte,Miércoles
1129,2026-06-14,14:28,1269,Café,Bebidas,6,1.97,11.82,SINPE,Ana,Sur,Sábado
1130,2026-05-01,08:54,1107,Pan Francés,Pan,4,0.46,1.84,Tarjeta,María,Centro,Viernes
1131,2026-04-22,07:22,1477,Empanada Pollo,Salado,2,2.43,4.86,Tarjeta,José,Sur,Domingo
1132,2026-06-04,20:59,1406,Empanada Queso,Salado,2,2.2,4.4,Tarjeta,Luis,Norte,Miércoles
1133,2026-05-16,09:44,1759,Baguette,Pan,6,1.77,10.62,Tarjeta,Ana,Norte,Jueves
1134,2026-02-21,09:20,1581,Pan Francés,Pan,3,0.47,1.41,Efectivo,Sofía,Norte,Lunes
1135,2026-04-07,06:13,1023,Muffin,Repostería,6,2.47,14.82,SINPE,María,Norte,Miércoles
1136,2026-01-09,12:05,1305,Jugo Natural,Bebidas,3,2.68,8.04,SINPE,María,Norte,Viernes
1137,2026-01-03,20:57,1438,Dona,Repostería,5,1.16,5.8,Tarjeta,Carlos,Centro,Martes
1138,2026-05-23,18:10,1713,Queque Vainilla,Pasteles,7,9.98,69.86,Tarjeta,Carlos,Sur,Viernes
1139,2026-05-07,07:46,1683,Empanada Pollo,Salado,1,2.52,2.52,SINPE,Sofía,Centro,Miércoles
1140,2026-04-05,13:55,1324,Jugo Natural,Bebidas,6,2.66,15.96,Efectivo,José,Norte,Miércoles
1141,2026-02-21,13:40,1592,Café,Bebidas,1,2.1,2.1,Efectivo,Ana,Centro,Sábado
1142,2026-02-20,12:13,1356,Dona,Repostería,7,1.22,8.54,Efectivo,Luis,Sur,Viernes
1143,2026-01-10,20:19,1514,Pan Francés,Pan,6,0.46,2.76,Efectivo,José,Norte,Sábado
1144,2026-03-27,14:27,1535,Empanada Queso,Salado,7,2.28,15.96,Tarjeta,Ana,Centro,Jueves
1145,2026-05-06,14:27,1390,Empanada Pollo,Salado,6,2.42,14.52,Tarjeta,José,Sur,Sábado
1146,2026-01-03,18:53,1106,Empanada Pollo,Salado,5,2.55,12.75,Efectivo,José,Centro,Viernes
1147,2026-06-25,15:59,1557,Muffin,Repostería,7,2.3,16.1,Efectivo,José,Norte,Viernes
1148,2026-04-07,09:49,1465,Capuchino,Bebidas,1,3.25,3.25,SINPE,María,Centro,Martes
1149,2026-03-26,20:29,1422,Pan Dulce,Pan,8,1.15,9.2,SINPE,José,Sur,Jueves
1150,2026-05-10,10:56,1674,Pan Francés,Pan,6,0.46,2.76,Tarjeta,Carlos,Norte,Sábado
1151,2026-04-02,06:01,1157,Dona,Repostería,1,1.25,1.25,Tarjeta,Sofía,Sur,Viernes
1152,2026-05-14,09:35,1400,Queque Vainilla,Pasteles,6,9.67,58.02,Efectivo,Sofía,Sur,Jueves
1153,2026-05-14,08:40,1399,Pan Dulce,Pan,1,1.13,1.13,SINPE,Luis,Norte,Miércoles
1154,2026-01-23,18:08,1516,Café,Bebidas,3,1.99,5.97,Efectivo,José,Sur,Domingo
1155,2026-02-11,09:05,1095,Empanada Pollo,Salado,5,2.58,12.9,Efectivo,María,Centro,Sábado
1156,2026-06-18,20:05,1585,Pan Integral,Pan,3,2.1,6.3,Tarjeta,Ana,Sur,Sábado
1157,2026-03-06,09:41,1227,Croissant,Repostería,8,1.52,12.16,Tarjeta,Luis,Sur,Domingo
1158,2026-06-02,10:05,1147,Dona,Repostería,7,1.23,8.61,SINPE,Ana,Sur,Viernes
1159,2026-05-04,07:09,1289,Pan Dulce,Pan,2,1.06,2.12,Tarjeta,Luis,Centro,Lunes
1160,2026-02-13,07:31,1022,Empanada Queso,Salado,6,2.39,14.34,Tarjeta,Ana,Norte,Sábado
1161,2026-04-11,16:58,1461,Baguette,Pan,4,1.83,7.32,Efectivo,Luis,Norte,Lunes
1162,2026-06-20,19:02,1120,Muffin,Repostería,3,2.44,7.32,Tarjeta,Carlos,Norte,Viernes
1163,2026-06-09,20:07,1197,Capuchino,Bebidas,1,3.09,3.09,SINPE,Ana,Sur,Lunes
1164,2026-03-04,20:13,1030,Café,Bebidas,3,1.94,5.82,Tarjeta,Luis,Centro,Lunes
1165,2026-04-07,07:22,1725,Galletas,Repostería,3,3.42,10.26,SINPE,José,Norte,Jueves
1166,2026-04-07,10:11,1202,Galletas,Repostería,8,3.48,27.84,SINPE,José,Norte,Jueves
1167,2026-02-24,13:27,1456,Baguette,Pan,5,1.74,8.7,Tarjeta,Sofía,Sur,Miércoles
1168,2026-05-13,12:12,1580,Pan Dulce,Pan,6,1.11,6.66,Tarjeta,Carlos,Sur,Domingo
1169,2026-01-17,10:37,1419,Baguette,Pan,8,1.74,13.92,Tarjeta,Sofía,Sur,Viernes
1170,2026-02-26,11:27,1190,Queque Vainilla,Pasteles,7,9.53,66.71,Tarjeta,Luis,Centro,Martes
1171,2026-03-04,06:20,1704,Jugo Natural,Bebidas,6,2.76,16.56,Efectivo,José,Norte,Martes
1172,2026-05-03,12:18,1616,Empanada Queso,Salado,6,2.39,14.34,Efectivo,Sofía,Centro,Lunes
1173,2026-06-03,15:57,1661,Café,Bebidas,5,2.04,10.2,Tarjeta,José,Norte,Miércoles
1174,2026-01-26,13:31,1047,Pan Dulce,Pan,6,1.07,6.42,Tarjeta,María,Centro,Lunes
1175,2026-05-13,09:36,1021,Empanada Queso,Salado,3,2.32,6.96,Tarjeta,Ana,Sur,Domingo
1176,2026-03-05,19:25,1037,Pan Dulce,Pan,1,1.15,1.15,SINPE,Sofía,Centro,Miércoles
1177,2026-01-27,18:26,1740,Jugo Natural,Bebidas,1,2.68,2.68,Tarjeta,Carlos,Norte,Domingo
1178,2026-03-16,15:03,1402,Queque Vainilla,Pasteles,7,9.58,67.06,Tarjeta,José,Norte,Jueves
1179,2026-05-04,06:14,1048,Pan Dulce,Pan,2,1.14,2.28,Efectivo,Luis,Centro,Miércoles
1180,2026-01-07,17:57,1377,Pan Dulce,Pan,7,1.07,7.49,SINPE,Ana,Sur,Domingo
1181,2026-01-04,06:19,1076,Pan Francés,Pan,5,0.47,2.35,Tarjeta,Carlos,Sur,Viernes
1182,2026-02-05,15:29,1122,Pan Integral,Pan,7,2.15,15.05,Efectivo,Carlos,Centro,Domingo
1183,2026-06-04,14:33,1246,Capuchino,Bebidas,7,3.24,22.68,SINPE,María,Sur,Jueves
1184,2026-04-08,07:16,1784,Queque Chocolate,Pasteles,6,12.33,73.98,Tarjeta,José,Centro,Miércoles
1185,2026-06-28,09:44,1079,Café,Bebidas,4,2.03,8.12,Efectivo,María,Centro,Martes
1186,2026-04-07,13:06,1348,Pan Francés,Pan,4,0.45,1.8,Efectivo,Sofía,Sur,Viernes
1187,2026-03-23,13:41,1157,Pan Dulce,Pan,6,1.13,6.78,SINPE,Ana,Centro,Martes
1188,2026-04-28,15:32,1207,Muffin,Repostería,6,2.37,14.22,Tarjeta,Luis,Centro,Miércoles
1189,2026-05-21,07:09,1472,Empanada Pollo,Salado,3,2.55,7.65,Efectivo,José,Centro,Martes
1190,2026-01-16,16:33,1463,Pan Francés,Pan,8,0.44,3.52,Tarjeta,Carlos,Centro,Viernes
1191,2026-02-13,14:27,1520,Baguette,Pan,6,1.79,10.74,Tarjeta,Ana,Norte,Miércoles
1192,2026-04-24,20:27,1198,Queque Vainilla,Pasteles,2,9.55,19.1,Tarjeta,Luis,Norte,Martes
1193,2026-04-17,12:06,1697,Capuchino,Bebidas,5,3.21,16.05,Efectivo,José,Centro,Lunes
1194,2026-01-19,10:15,1067,Dona,Repostería,2,1.15,2.3,SINPE,Ana,Norte,Martes
1195,2026-01-08,17:52,1708,Muffin,Repostería,7,2.37,16.59,Tarjeta,María,Centro,Martes
1196,2026-03-23,15:18,1751,Pan Integral,Pan,4,2.17,8.68,Efectivo,Ana,Centro,Viernes
1197,2026-06-08,08:20,1697,Muffin,Repostería,8,2.46,19.68,Efectivo,Luis,Centro,Miércoles
1198,2026-01-22,13:27,1342,Muffin,Repostería,8,2.31,18.48,Efectivo,Luis,Norte,Lunes
1199,2026-04-19,06:31,1253,Croissant,Repostería,1,1.51,1.51,Tarjeta,Ana,Centro,Domingo
1200,2026-05-17,08:48,1150,Pan Francés,Pan,5,0.47,2.35,Efectivo,Ana,Norte,Domingo
1201,2026-06-12,14:16,1679,Galletas,Repostería,6,3.48,20.88,Tarjeta,Carlos,Norte,Jueves
1202,2026-03-17,18:42,1610,Pan Francés,Pan,6,0.44,2.64,Tarjeta,Ana,Norte,Sábado
1203,2026-04-28,09:42,1145,Café,Bebidas,1,1.93,1.93,Tarjeta,María,Centro,Martes
1204,2026-06-03,09:58,1386,Capuchino,Bebidas,7,3.16,22.12,SINPE,Ana,Norte,Sábado
1205,2026-05-06,10:58,1695,Jugo Natural,Bebidas,8,2.94,23.52,Tarjeta,Carlos,Norte,Viernes
1206,2026-01-19,14:44,1351,Empanada Pollo,Salado,5,2.45,12.25,SINPE,Ana,Norte,Domingo
1207,2026-01-16,20:43,1150,Empanada Queso,Salado,6,2.25,13.5,Tarjeta,José,Centro,Viernes
1208,2026-03-03,18:18,1015,Queque Chocolate,Pasteles,3,11.76,35.28,Tarjeta,Ana,Centro,Miércoles
1209,2026-03-01,12:22,1676,Pan Dulce,Pan,2,1.05,2.1,Efectivo,Ana,Norte,Martes
1210,2026-05-22,18:35,1158,Queque Vainilla,Pasteles,5,10.29,51.45,Efectivo,José,Norte,Martes
1211,2026-01-10,09:02,1484,Galletas,Repostería,4,3.48,13.92,Tarjeta,Luis,Sur,Sábado
1212,2026-01-09,20:19,1611,Empanada Pollo,Salado,7,2.47,17.29,Tarjeta,Luis,Sur,Jueves
1213,2026-02-22,18:12,1256,Jugo Natural,Bebidas,6,2.89,17.34,Efectivo,María,Sur,Martes
1214,2026-05-21,13:34,1187,Queque Chocolate,Pasteles,5,11.5,57.5,Tarjeta,María,Centro,Martes
1215,2026-05-22,17:22,1479,Café,Bebidas,8,2.04,16.32,Tarjeta,María,Norte,Jueves
1216,2026-05-01,18:26,1090,Empanada Pollo,Salado,8,2.38,19.04,Efectivo,Sofía,Norte,Domingo
1217,2026-05-19,20:18,1054,Dona,Repostería,6,1.16,6.96,Tarjeta,Luis,Norte,Sábado
1218,2026-05-15,19:03,1086,Pan Francés,Pan,8,0.46,3.68,Efectivo,Carlos,Sur,Lunes
1219,2026-05-16,17:21,1062,Queque Vainilla,Pasteles,2,10.32,20.64,Efectivo,José,Sur,Sábado
1220,2026-05-05,14:47,1507,Café,Bebidas,1,2.04,2.04,Efectivo,Luis,Sur,Sábado
1221,2026-03-24,20:00,1496,Pan Dulce,Pan,3,1.08,3.24,SINPE,José,Centro,Lunes
1222,2026-01-17,07:15,1209,Baguette,Pan,1,1.74,1.74,Efectivo,María,Centro,Domingo
1223,2026-01-10,12:30,1188,Café,Bebidas,8,1.98,15.84,Efectivo,Sofía,Norte,Domingo
1224,2026-05-04,12:09,1651,Capuchino,Bebidas,8,3.31,26.48,Efectivo,Luis,Centro,Domingo
1225,2026-06-23,14:12,1487,Galletas,Repostería,4,3.38,13.52,Tarjeta,Carlos,Norte,Sábado
1226,2026-03-13,12:44,1109,Baguette,Pan,8,1.78,14.24,Tarjeta,María,Norte,Martes
1227,2026-05-13,06:37,1310,Pan Francés,Pan,5,0.45,2.25,Efectivo,José,Sur,Sábado
1228,2026-03-05,13:56,1740,Capuchino,Bebidas,8,3.05,24.4,Tarjeta,Carlos,Centro,Martes
1229,2026-06-17,12:32,1064,Queque Vainilla,Pasteles,4,9.85,39.4,Efectivo,José,Centro,Miércoles
1230,2026-02-09,18:48,1674,Jugo Natural,Bebidas,6,2.79,16.74,Tarjeta,María,Centro,Domingo
1231,2026-04-20,16:11,1589,Jugo Natural,Bebidas,8,2.77,22.16,SINPE,Sofía,Sur,Viernes
1232,2026-05-19,11:37,1632,Queque Chocolate,Pasteles,3,12.24,36.72,Tarjeta,Ana,Centro,Lunes
1233,2026-06-04,13:59,1695,Pan Dulce,Pan,3,1.07,3.21,Tarjeta,Carlos,Centro,Domingo
1234,2026-02-24,20:24,1773,Pan Integral,Pan,4,2.11,8.44,Tarjeta,Ana,Centro,Viernes
1235,2026-06-03,13:48,1383,Queque Chocolate,Pasteles,2,11.44,22.88,SINPE,José,Centro,Martes
1236,2026-04-05,16:36,1569,Queque Vainilla,Pasteles,2,10.2,20.4,Efectivo,Luis,Norte,Jueves
1237,2026-06-06,12:52,1541,Empanada Queso,Salado,5,2.24,11.2,Efectivo,Ana,Sur,Lunes
1238,2026-02-01,11:49,1417,Jugo Natural,Bebidas,2,2.72,5.44,SINPE,Sofía,Centro,Miércoles
1239,2026-02-19,19:30,1512,Croissant,Repostería,8,1.45,11.6,Tarjeta,Carlos,Sur,Viernes
1240,2026-04-14,16:24,1072,Pan Dulce,Pan,3,1.13,3.39,SINPE,Ana,Centro,Domingo
1241,2026-04-08,06:38,1553,Café,Bebidas,5,1.92,9.6,Tarjeta,Ana,Centro,Domingo
1242,2026-03-03,19:55,1161,Queque Chocolate,Pasteles,5,11.87,59.35,Tarjeta,Ana,Sur,Viernes
1243,2026-01-18,17:57,1113,Dona,Repostería,5,1.19,5.95,SINPE,María,Norte,Sábado
1244,2026-03-07,11:56,1783,Pan Francés,Pan,1,0.44,0.44,Efectivo,Luis,Centro,Viernes
1245,2026-06-02,09:31,1074,Pan Dulce,Pan,6,1.15,6.9,SINPE,Sofía,Sur,Domingo
1246,2026-01-14,15:47,1627,Pan Integral,Pan,1,2.17,2.17,Efectivo,Sofía,Norte,Martes
1247,2026-04-17,09:41,1358,Queque Chocolate,Pasteles,1,11.52,11.52,Tarjeta,María,Norte,Domingo
1248,2026-01-01,18:50,1200,Pan Dulce,Pan,4,1.05,4.2,SINPE,Sofía,Norte,Sábado
1249,2026-01-13,18:24,1712,Jugo Natural,Bebidas,1,2.81,2.81,Efectivo,María,Sur,Jueves
1250,2026-01-20,20:23,1360,Café,Bebidas,3,1.92,5.76,Efectivo,Carlos,Norte,Lunes
1251,2026-01-08,12:47,1770,Dona,Repostería,4,1.15,4.6,SINPE,Sofía,Centro,Domingo
1252,2026-01-02,08:28,1184,Pan Francés,Pan,4,0.46,1.84,Tarjeta,Ana,Norte,Miércoles
1253,2026-02-20,12:30,1673,Capuchino,Bebidas,4,3.36,13.44,Efectivo,José,Centro,Lunes
1254,2026-06-27,11:57,1225,Queque Chocolate,Pasteles,4,11.99,47.96,Tarjeta,José,Norte,Miércoles
1255,2026-02-17,20:17,1326,Pan Integral,Pan,5,2.28,11.4,SINPE,Sofía,Sur,Lunes
1256,2026-06-20,13:17,1080,Pan Francés,Pan,6,0.47,2.82,Efectivo,Luis,Sur,Martes
1257,2026-06-27,18:09,1036,Queque Chocolate,Pasteles,4,11.55,46.2,Efectivo,José,Norte,Sábado
1258,2026-01-16,19:02,1276,Pan Integral,Pan,8,2.3,18.4,Tarjeta,Sofía,Norte,Miércoles
1259,2026-05-13,13:01,1391,Pan Dulce,Pan,2,1.05,2.1,Tarjeta,María,Centro,Martes
1260,2026-04-18,06:42,1312,Dona,Repostería,7,1.16,8.12,Efectivo,Sofía,Norte,Lunes
1261,2026-03-26,18:37,1221,Muffin,Repostería,6,2.5,15.0,Efectivo,Carlos,Sur,Domingo
1262,2026-06-24,18:03,1111,Capuchino,Bebidas,7,3.32,23.24,SINPE,María,Sur,Sábado
1263,2026-06-19,18:33,1266,Queque Chocolate,Pasteles,8,11.91,95.28,Efectivo,María,Norte,Sábado
1264,2026-01-09,18:43,1280,Muffin,Repostería,4,2.31,9.24,Efectivo,Luis,Sur,Miércoles
1265,2026-03-12,10:42,1256,Queque Vainilla,Pasteles,7,9.54,66.78,SINPE,Sofía,Centro,Lunes
1266,2026-02-15,13:01,1450,Queque Chocolate,Pasteles,6,12.4,74.4,Efectivo,María,Centro,Miércoles
1267,2026-05-03,10:57,1624,Empanada Queso,Salado,4,2.28,9.12,SINPE,Carlos,Centro,Jueves
1268,2026-03-09,19:31,1130,Croissant,Repostería,5,1.54,7.7,Efectivo,José,Centro,Martes
1269,2026-06-02,08:43,1518,Pan Dulce,Pan,1,1.07,1.07,Tarjeta,Sofía,Norte,Lunes
1270,2026-06-09,10:01,1694,Café,Bebidas,4,1.91,7.64,Tarjeta,Sofía,Sur,Lunes
1271,2026-01-17,13:07,1523,Capuchino,Bebidas,4,3.15,12.6,Efectivo,Luis,Centro,Miércoles
1272,2026-06-14,07:41,1436,Capuchino,Bebidas,6,3.31,19.86,Tarjeta,Luis,Centro,Miércoles
1273,2026-04-21,11:30,1301,Capuchino,Bebidas,6,3.15,18.9,SINPE,Ana,Centro,Miércoles
1274,2026-05-01,07:38,1216,Pan Francés,Pan,5,0.47,2.35,Tarjeta,Sofía,Sur,Domingo
1275,2026-04-27,15:02,1672,Galletas,Repostería,6,3.65,21.9,SINPE,Luis,Norte,Domingo
1276,2026-02-19,14:36,1645,Jugo Natural,Bebidas,2,2.93,5.86,SINPE,José,Norte,Viernes
1277,2026-05-26,06:38,1483,Galletas,Repostería,2,3.62,7.24,SINPE,Sofía,Sur,Jueves
1278,2026-05-10,20:15,1336,Queque Vainilla,Pasteles,5,9.7,48.5,Efectivo,Carlos,Centro,Jueves
1279,2026-04-24,20:26,1370,Queque Vainilla,Pasteles,2,10.19,20.38,Efectivo,Carlos,Sur,Viernes
1280,2026-05-08,13:50,1428,Baguette,Pan,6,1.83,10.98,Efectivo,Sofía,Centro,Viernes
1281,2026-06-05,15:16,1293,Dona,Repostería,7,1.22,8.54,Tarjeta,Carlos,Centro,Lunes
1282,2026-02-19,13:40,1791,Empanada Pollo,Salado,7,2.5,17.5,Efectivo,Luis,Norte,Lunes
1283,2026-05-23,20:30,1760,Croissant,Repostería,2,1.49,2.98,Efectivo,Luis,Centro,Domingo
1284,2026-01-05,14:55,1542,Empanada Pollo,Salado,1,2.55,2.55,Tarjeta,María,Norte,Martes
1285,2026-01-11,20:52,1344,Empanada Pollo,Salado,4,2.55,10.2,SINPE,Sofía,Sur,Lunes
1286,2026-03-15,20:26,1645,Galletas,Repostería,1,3.35,3.35,Tarjeta,José,Norte,Miércoles
1287,2026-06-06,17:49,1603,Pan Integral,Pan,8,2.24,17.92,SINPE,Ana,Centro,Lunes
1288,2026-04-13,11:28,1180,Capuchino,Bebidas,6,3.26,19.56,SINPE,José,Sur,Miércoles
1289,2026-04-11,06:36,1530,Pan Integral,Pan,2,2.14,4.28,SINPE,Sofía,Sur,Domingo
1290,2026-04-11,18:11,1146,Muffin,Repostería,7,2.35,16.45,Efectivo,José,Sur,Martes
1291,2026-05-11,07:22,1291,Empanada Pollo,Salado,5,2.52,12.6,Efectivo,Ana,Norte,Miércoles
1292,2026-02-10,20:16,1620,Empanada Queso,Salado,8,2.24,17.92,Efectivo,Luis,Sur,Miércoles
1293,2026-05-25,08:01,1612,Croissant,Repostería,2,1.46,2.92,Efectivo,Sofía,Sur,Domingo
1294,2026-01-12,09:18,1584,Dona,Repostería,1,1.2,1.2,Tarjeta,José,Norte,Viernes
1295,2026-01-23,17:58,1122,Croissant,Repostería,8,1.47,11.76,Tarjeta,María,Norte,Miércoles
1296,2026-06-22,07:22,1080,Baguette,Pan,3,1.89,5.67,SINPE,Luis,Sur,Lunes
1297,2026-03-15,16:47,1525,Queque Vainilla,Pasteles,3,10.01,30.03,SINPE,Ana,Sur,Sábado
1298,2026-06-26,14:20,1194,Queque Vainilla,Pasteles,1,9.93,9.93,SINPE,José,Sur,Lunes
1299,2026-05-13,19:14,1689,Jugo Natural,Bebidas,1,2.73,2.73,Efectivo,Carlos,Norte,Martes
1300,2026-03-05,09:40,1090,Empanada Queso,Salado,3,2.35,7.05,SINPE,José,Sur,Martes
1301,2026-05-20,09:45,1182,Pan Francés,Pan,7,0.43,3.01,Efectivo,María,Sur,Miércoles
1302,2026-02-21,11:30,1543,Capuchino,Bebidas,7,3.24,22.68,SINPE,Luis,Norte,Domingo
1303,2026-04-26,16:25,1612,Dona,Repostería,5,1.22,6.1,Tarjeta,Sofía,Norte,Miércoles
1304,2026-03-14,13:20,1253,Baguette,Pan,4,1.73,6.92,SINPE,María,Centro,Martes
1305,2026-03-23,12:45,1131,Empanada Queso,Salado,6,2.34,14.04,Tarjeta,María,Sur,Jueves
1306,2026-03-17,09:56,1418,Jugo Natural,Bebidas,4,2.67,10.68,Efectivo,Sofía,Norte,Miércoles
1307,2026-04-14,12:16,1055,Jugo Natural,Bebidas,6,2.78,16.68,Tarjeta,María,Sur,Martes
1308,2026-04-08,15:56,1170,Queque Vainilla,Pasteles,1,9.81,9.81,SINPE,Luis,Sur,Lunes
1309,2026-05-01,17:01,1388,Capuchino,Bebidas,6,3.08,18.48,Efectivo,José,Norte,Miércoles
1310,2026-05-07,11:34,1203,Pan Integral,Pan,2,2.23,4.46,Efectivo,Sofía,Norte,Domingo
1311,2026-02-12,11:26,1220,Galletas,Repostería,4,3.43,13.72,SINPE,José,Centro,Lunes
1312,2026-05-04,14:25,1496,Pan Francés,Pan,1,0.46,0.46,Efectivo,Luis,Norte,Miércoles
1313,2026-06-08,06:17,1767,Pan Francés,Pan,4,0.46,1.84,Efectivo,María,Sur,Jueves
1314,2026-01-03,14:46,1720,Croissant,Repostería,5,1.55,7.75,SINPE,María,Centro,Lunes
1315,2026-05-26,12:12,1620,Galletas,Repostería,3,3.36,10.08,Tarjeta,Carlos,Norte,Viernes
1316,2026-04-07,07:16,1671,Galletas,Repostería,1,3.43,3.43,SINPE,María,Norte,Miércoles
1317,2026-04-18,10:30,1291,Empanada Pollo,Salado,2,2.43,4.86,SINPE,Sofía,Sur,Martes
1318,2026-06-13,11:48,1559,Empanada Pollo,Salado,1,2.62,2.62,SINPE,Ana,Norte,Martes
1319,2026-02-15,11:30,1576,Capuchino,Bebidas,1,3.17,3.17,Efectivo,José,Norte,Miércoles
1320,2026-02-07,19:31,1607,Croissant,Repostería,2,1.44,2.88,Efectivo,Ana,Centro,Jueves
1321,2026-05-25,09:03,1785,Capuchino,Bebidas,8,3.21,25.68,Tarjeta,Carlos,Norte,Miércoles
1322,2026-01-11,17:36,1613,Galletas,Repostería,6,3.62,21.72,Tarjeta,Ana,Norte,Sábado
1323,2026-03-21,09:20,1472,Dona,Repostería,8,1.21,9.68,SINPE,María,Sur,Viernes
1324,2026-04-23,07:24,1130,Pan Dulce,Pan,2,1.15,2.3,Efectivo,Luis,Sur,Sábado
1325,2026-01-02,20:27,1507,Baguette,Pan,3,1.75,5.25,Efectivo,José,Sur,Jueves
1326,2026-03-04,12:18,1737,Croissant,Repostería,7,1.48,10.36,SINPE,Carlos,Sur,Miércoles
1327,2026-02-05,10:33,1701,Capuchino,Bebidas,6,3.22,19.32,Efectivo,Sofía,Sur,Miércoles
1328,2026-02-11,20:47,1737,Café,Bebidas,5,1.99,9.95,Efectivo,Luis,Sur,Sábado
1329,2026-04-06,08:30,1068,Pan Dulce,Pan,8,1.05,8.4,Efectivo,Carlos,Sur,Martes
1330,2026-03-04,06:39,1479,Dona,Repostería,2,1.2,2.4,SINPE,Luis,Centro,Miércoles
1331,2026-01-07,10:18,1436,Jugo Natural,Bebidas,4,2.76,11.04,SINPE,José,Norte,Miércoles
1332,2026-05-18,16:42,1207,Capuchino,Bebidas,7,3.34,23.38,Efectivo,Sofía,Centro,Lunes
1333,2026-03-19,07:08,1534,Galletas,Repostería,4,3.42,13.68,SINPE,José,Norte,Miércoles
1334,2026-06-28,15:42,1484,Capuchino,Bebidas,5,3.35,16.75,Efectivo,Luis,Centro,Domingo
1335,2026-05-05,08:10,1486,Dona,Repostería,4,1.15,4.6,Efectivo,Carlos,Centro,Lunes
1336,2026-04-11,10:32,1778,Croissant,Repostería,8,1.49,11.92,Efectivo,Luis,Sur,Jueves
1337,2026-03-10,19:33,1324,Empanada Pollo,Salado,7,2.55,17.85,SINPE,Ana,Sur,Domingo
1338,2026-03-23,08:53,1447,Dona,Repostería,3,1.25,3.75,SINPE,María,Norte,Sábado
1339,2026-05-14,16:22,1182,Pan Integral,Pan,5,2.24,11.2,Efectivo,Carlos,Norte,Domingo
1340,2026-02-20,14:56,1195,Jugo Natural,Bebidas,6,2.86,17.16,Tarjeta,Carlos,Centro,Sábado
1341,2026-05-07,06:37,1317,Pan Francés,Pan,4,0.45,1.8,Tarjeta,Ana,Norte,Miércoles
1342,2026-01-21,10:41,1490,Café,Bebidas,1,2.02,2.02,Tarjeta,Ana,Sur,Sábado
1343,2026-05-27,06:55,1735,Queque Chocolate,Pasteles,5,12.15,60.75,Tarjeta,Sofía,Sur,Jueves
1344,2026-06-25,14:51,1106,Empanada Queso,Salado,3,2.29,6.87,Efectivo,Carlos,Centro,Viernes
1345,2026-02-28,19:08,1084,Muffin,Repostería,3,2.45,7.35,Tarjeta,Ana,Centro,Jueves
1346,2026-05-09,19:12,1670,Jugo Natural,Bebidas,1,2.75,2.75,SINPE,José,Centro,Miércoles
1347,2026-02-19,17:23,1528,Pan Dulce,Pan,6,1.14,6.84,Efectivo,José,Norte,Jueves
1348,2026-05-05,17:17,1085,Pan Dulce,Pan,1,1.05,1.05,Efectivo,María,Centro,Miércoles
1349,2026-04-06,16:47,1003,Capuchino,Bebidas,4,3.26,13.04,Tarjeta,Carlos,Sur,Miércoles
1350,2026-06-03,15:59,1474,Baguette,Pan,6,1.79,10.74,Efectivo,Ana,Centro,Martes
1351,2026-05-21,06:49,1173,Galletas,Repostería,2,3.39,6.78,Efectivo,Luis,Sur,Miércoles
1352,2026-02-10,19:43,1657,Empanada Queso,Salado,2,2.39,4.78,Efectivo,José,Sur,Martes
1353,2026-03-06,10:08,1578,Queque Chocolate,Pasteles,1,11.86,11.86,Tarjeta,María,Centro,Domingo
1354,2026-02-10,10:44,1450,Dona,Repostería,5,1.25,6.25,Tarjeta,Ana,Norte,Miércoles
1355,2026-06-17,13:53,1646,Capuchino,Bebidas,6,3.15,18.9,SINPE,Luis,Centro,Domingo
1356,2026-05-07,17:27,1355,Capuchino,Bebidas,7,3.09,21.63,SINPE,José,Norte,Martes
1357,2026-02-09,09:29,1267,Queque Vainilla,Pasteles,5,9.59,47.95,Efectivo,Ana,Sur,Sábado
1358,2026-04-19,11:23,1577,Jugo Natural,Bebidas,3,2.79,8.37,Tarjeta,José,Sur,Lunes
1359,2026-01-06,12:30,1342,Queque Vainilla,Pasteles,2,10.13,20.26,Tarjeta,José,Centro,Martes
1360,2026-04-18,08:48,1022,Muffin,Repostería,6,2.35,14.1,Tarjeta,Sofía,Norte,Viernes
1361,2026-04-27,09:16,1740,Capuchino,Bebidas,7,3.27,22.89,Tarjeta,Sofía,Norte,Jueves
1362,2026-02-25,20:57,1519,Jugo Natural,Bebidas,7,2.74,19.18,Efectivo,María,Norte,Domingo
1363,2026-02-17,08:59,1307,Queque Chocolate,Pasteles,7,12.11,84.77,SINPE,José,Sur,Martes
1364,2026-03-26,06:05,1316,Capuchino,Bebidas,3,3.08,9.24,Efectivo,Carlos,Norte,Jueves
1365,2026-02-07,20:11,1308,Croissant,Repostería,8,1.43,11.44,Tarjeta,Ana,Centro,Martes
1366,2026-06-08,08:43,1568,Pan Dulce,Pan,4,1.09,4.36,Tarjeta,Ana,Norte,Martes
1367,2026-06-13,17:13,1483,Queque Vainilla,Pasteles,2,9.97,19.94,SINPE,María,Norte,Sábado
1368,2026-03-25,20:08,1409,Dona,Repostería,2,1.19,2.38,Tarjeta,Carlos,Sur,Sábado
1369,2026-05-03,11:31,1685,Pan Dulce,Pan,7,1.11,7.77,SINPE,Sofía,Centro,Martes
1370,2026-03-12,11:32,1001,Muffin,Repostería,3,2.46,7.38,SINPE,Sofía,Norte,Lunes
1371,2026-02-02,09:19,1445,Jugo Natural,Bebidas,4,2.7,10.8,Efectivo,Carlos,Norte,Sábado
1372,2026-03-13,16:52,1492,Croissant,Repostería,7,1.45,10.15,Efectivo,Carlos,Norte,Martes
1373,2026-01-15,18:05,1354,Croissant,Repostería,7,1.53,10.71,SINPE,José,Centro,Sábado
1374,2026-01-06,11:08,1588,Pan Dulce,Pan,7,1.13,7.91,SINPE,María,Sur,Jueves
1375,2026-06-13,12:49,1055,Pan Francés,Pan,8,0.46,3.68,Tarjeta,María,Norte,Sábado
1376,2026-04-17,11:49,1484,Jugo Natural,Bebidas,2,2.83,5.66,SINPE,Carlos,Sur,Miércoles
1377,2026-05-25,12:55,1690,Baguette,Pan,3,1.89,5.67,Efectivo,Luis,Centro,Miércoles
1378,2026-05-24,19:29,1445,Muffin,Repostería,5,2.33,11.65,Efectivo,María,Norte,Lunes
1379,2026-01-20,16:23,1258,Baguette,Pan,8,1.79,14.32,Tarjeta,Carlos,Sur,Miércoles
1380,2026-02-10,11:26,1017,Pan Integral,Pan,1,2.21,2.21,Tarjeta,Carlos,Norte,Sábado
1381,2026-01-18,17:25,1254,Pan Francés,Pan,2,0.44,0.88,Efectivo,Ana,Sur,Lunes
1382,2026-04-09,11:29,1705,Croissant,Repostería,3,1.52,4.56,SINPE,Luis,Sur,Domingo
1383,2026-03-12,06:09,1623,Café,Bebidas,8,1.91,15.28,SINPE,José,Centro,Jueves
1384,2026-06-24,10:27,1410,Café,Bebidas,2,1.97,3.94,Efectivo,Luis,Sur,Miércoles
1385,2026-04-04,18:12,1584,Galletas,Repostería,2,3.62,7.24,Tarjeta,Carlos,Sur,Viernes
1386,2026-01-12,15:30,1220,Café,Bebidas,4,2.04,8.16,Tarjeta,Carlos,Sur,Sábado
1387,2026-06-02,15:25,1185,Pan Integral,Pan,3,2.15,6.45,SINPE,Carlos,Norte,Lunes
1388,2026-04-22,08:17,1273,Empanada Pollo,Salado,4,2.38,9.52,Tarjeta,Sofía,Sur,Miércoles
1389,2026-06-11,09:04,1626,Baguette,Pan,4,1.75,7.0,Tarjeta,José,Sur,Viernes
1390,2026-06-20,11:34,1398,Pan Dulce,Pan,8,1.11,8.88,Tarjeta,Sofía,Centro,Miércoles
1391,2026-04-05,13:54,1760,Queque Vainilla,Pasteles,6,9.85,59.1,Tarjeta,Luis,Sur,Sábado
1392,2026-01-22,19:36,1080,Croissant,Repostería,7,1.46,10.22,SINPE,María,Sur,Miércoles
1393,2026-05-12,10:18,1768,Baguette,Pan,4,1.84,7.36,Tarjeta,María,Sur,Jueves
1394,2026-02-20,11:36,1441,Pan Francés,Pan,3,0.46,1.38,Tarjeta,Ana,Norte,Viernes
1395,2026-04-18,08:24,1621,Galletas,Repostería,8,3.67,29.36,Efectivo,Ana,Norte,Martes
1396,2026-02-28,08:49,1796,Dona,Repostería,2,1.21,2.42,SINPE,María,Sur,Jueves
1397,2026-05-09,11:49,1371,Queque Vainilla,Pasteles,4,9.92,39.68,SINPE,Ana,Sur,Sábado
1398,2026-05-13,09:54,1413,Jugo Natural,Bebidas,6,2.8,16.8,Tarjeta,María,Norte,Domingo
1399,2026-02-13,10:00,1545,Muffin,Repostería,8,2.32,18.56,Tarjeta,María,Sur,Martes
1400,2026-06-14,12:26,1193,Jugo Natural,Bebidas,2,2.77,5.54,SINPE,Ana,Sur,Martes
1401,2026-06-14,06:20,1624,Croissant,Repostería,2,1.51,3.02,Efectivo,Luis,Sur,Sábado
1402,2026-01-24,15:56,1669,Empanada Queso,Salado,2,2.4,4.8,Tarjeta,Sofía,Sur,Domingo
1403,2026-06-28,09:11,1483,Dona,Repostería,3,1.19,3.57,SINPE,Luis,Norte,Martes
1404,2026-02-19,13:29,1250,Queque Chocolate,Pasteles,2,12.47,24.94,SINPE,Sofía,Norte,Martes
1405,2026-05-21,07:51,1618,Pan Integral,Pan,3,2.3,6.9,Tarjeta,Luis,Centro,Jueves
1406,2026-01-22,16:26,1532,Galletas,Repostería,2,3.33,6.66,Tarjeta,María,Centro,Domingo
1407,2026-05-04,17:49,1621,Empanada Pollo,Salado,5,2.6,13.0,SINPE,Sofía,Sur,Lunes
1408,2026-01-10,18:25,1742,Empanada Queso,Salado,8,2.38,19.04,Efectivo,Carlos,Norte,Sábado
1409,2026-01-04,08:54,1268,Muffin,Repostería,8,2.38,19.04,SINPE,Ana,Sur,Martes
1410,2026-02-08,18:30,1215,Queque Vainilla,Pasteles,7,10.16,71.12,Tarjeta,Ana,Norte,Sábado
1411,2026-06-16,18:15,1775,Galletas,Repostería,2,3.49,6.98,Tarjeta,Carlos,Norte,Sábado
1412,2026-06-09,15:17,1608,Empanada Queso,Salado,6,2.37,14.22,Efectivo,Luis,Centro,Viernes
1413,2026-03-19,11:45,1298,Queque Chocolate,Pasteles,1,11.67,11.67,Tarjeta,José,Centro,Viernes
1414,2026-04-22,10:09,1761,Jugo Natural,Bebidas,5,2.79,13.95,SINPE,Luis,Centro,Viernes
1415,2026-02-01,19:13,1597,Queque Chocolate,Pasteles,7,11.71,81.97,Tarjeta,Luis,Sur,Lunes
1416,2026-06-28,14:25,1488,Queque Chocolate,Pasteles,6,12.27,73.62,SINPE,Luis,Norte,Sábado
1417,2026-04-28,20:31,1663,Croissant,Repostería,6,1.5,9.0,Efectivo,Sofía,Norte,Martes
1418,2026-01-11,09:19,1211,Empanada Queso,Salado,7,2.19,15.33,Efectivo,Luis,Norte,Viernes
1419,2026-03-16,13:36,1653,Pan Integral,Pan,2,2.23,4.46,Efectivo,José,Sur,Martes
1420,2026-01-13,16:06,1337,Galletas,Repostería,4,3.45,13.8,SINPE,Ana,Norte,Viernes
1421,2026-01-15,15:33,1253,Café,Bebidas,2,2.09,4.18,Efectivo,Carlos,Sur,Martes
1422,2026-06-15,08:02,1623,Galletas,Repostería,4,3.4,13.6,Tarjeta,Sofía,Norte,Lunes
1423,2026-01-05,14:19,1062,Galletas,Repostería,4,3.58,14.32,Efectivo,Luis,Centro,Viernes
1424,2026-05-26,06:20,1649,Pan Integral,Pan,8,2.19,17.52,Efectivo,Luis,Norte,Lunes
1425,2026-01-18,15:13,1612,Empanada Queso,Salado,2,2.29,4.58,Tarjeta,Carlos,Sur,Lunes
1426,2026-01-24,20:28,1796,Capuchino,Bebidas,7,3.32,23.24,SINPE,Luis,Sur,Domingo
1427,2026-03-25,12:38,1277,Jugo Natural,Bebidas,8,2.94,23.52,Tarjeta,José,Centro,Miércoles
1428,2026-06-10,10:55,1544,Café,Bebidas,8,2.0,16.0,Efectivo,Carlos,Norte,Sábado
1429,2026-01-25,08:31,1006,Café,Bebidas,5,2.03,10.15,Tarjeta,Sofía,Norte,Jueves
1430,2026-04-22,10:06,1453,Croissant,Repostería,3,1.43,4.29,Tarjeta,José,Sur,Viernes
1431,2026-01-25,09:13,1314,Pan Dulce,Pan,3,1.07,3.21,SINPE,Carlos,Norte,Domingo
1432,2026-03-20,09:36,1688,Café,Bebidas,8,1.92,15.36,Efectivo,Carlos,Centro,Martes
1433,2026-02-20,16:10,1333,Pan Integral,Pan,7,2.26,15.82,SINPE,María,Sur,Viernes
1434,2026-03-08,20:16,1483,Pan Integral,Pan,7,2.26,15.82,Tarjeta,Carlos,Centro,Miércoles
1435,2026-03-15,10:27,1576,Queque Vainilla,Pasteles,6,10.33,61.98,Tarjeta,María,Centro,Domingo
1436,2026-03-21,18:08,1467,Empanada Pollo,Salado,1,2.62,2.62,Tarjeta,Ana,Sur,Martes
1437,2026-03-01,11:27,1391,Dona,Repostería,5,1.18,5.9,Tarjeta,Sofía,Sur,Sábado
1438,2026-04-28,10:06,1076,Dona,Repostería,4,1.21,4.84,Efectivo,Luis,Norte,Sábado
1439,2026-01-25,16:24,1704,Empanada Queso,Salado,8,2.4,19.2,SINPE,María,Centro,Miércoles
1440,2026-01-21,11:17,1550,Capuchino,Bebidas,7,3.06,21.42,Tarjeta,María,Norte,Lunes
1441,2026-01-11,18:46,1423,Empanada Queso,Salado,3,2.39,7.17,Efectivo,Luis,Sur,Miércoles
1442,2026-04-08,11:36,1559,Capuchino,Bebidas,4,3.22,12.88,SINPE,Carlos,Sur,Viernes
1443,2026-02-25,18:04,1716,Pan Dulce,Pan,5,1.12,5.6,SINPE,José,Norte,Domingo
1444,2026-02-06,11:29,1233,Queque Vainilla,Pasteles,8,10.25,82.0,Tarjeta,Carlos,Norte,Martes
1445,2026-06-01,08:07,1657,Jugo Natural,Bebidas,5,2.73,13.65,Tarjeta,María,Norte,Domingo
1446,2026-01-17,11:01,1579,Empanada Queso,Salado,1,2.38,2.38,Tarjeta,Ana,Sur,Domingo
1447,2026-04-10,15:21,1649,Pan Integral,Pan,6,2.26,13.56,Efectivo,José,Centro,Viernes
1448,2026-05-28,19:05,1587,Baguette,Pan,2,1.81,3.62,Tarjeta,Sofía,Sur,Martes
1449,2026-04-27,10:29,1462,Pan Integral,Pan,2,2.26,4.52,SINPE,Luis,Sur,Miércoles
1450,2026-03-15,14:49,1709,Baguette,Pan,3,1.83,5.49,SINPE,María,Centro,Jueves
1451,2026-04-01,06:14,1330,Capuchino,Bebidas,5,3.04,15.2,Tarjeta,Luis,Norte,Domingo
1452,2026-06-22,09:49,1588,Dona,Repostería,6,1.2,7.2,Tarjeta,José,Sur,Martes
1453,2026-02-04,06:34,1616,Dona,Repostería,3,1.16,3.48,Efectivo,Luis,Sur,Miércoles
1454,2026-02-22,09:12,1310,Baguette,Pan,6,1.87,11.22,Efectivo,María,Norte,Martes
1455,2026-01-05,20:57,1450,Muffin,Repostería,4,2.47,9.88,Efectivo,María,Centro,Jueves
1456,2026-04-15,12:12,1210,Pan Dulce,Pan,4,1.09,4.36,Tarjeta,Sofía,Centro,Lunes
1457,2026-02-04,13:47,1619,Croissant,Repostería,2,1.45,2.9,Tarjeta,José,Norte,Jueves
1458,2026-05-12,13:16,1520,Dona,Repostería,4,1.26,5.04,Efectivo,María,Centro,Lunes
1459,2026-01-12,11:19,1066,Empanada Pollo,Salado,7,2.48,17.36,Tarjeta,José,Norte,Martes
1460,2026-04-16,06:17,1747,Galletas,Repostería,2,3.55,7.1,SINPE,Carlos,Centro,Martes
1461,2026-01-05,14:09,1143,Pan Dulce,Pan,4,1.06,4.24,SINPE,María,Centro,Lunes
1462,2026-06-10,11:39,1424,Capuchino,Bebidas,4,3.32,13.28,Efectivo,María,Centro,Martes
1463,2026-06-06,11:56,1112,Muffin,Repostería,3,2.46,7.38,Efectivo,Ana,Norte,Martes
1464,2026-03-20,11:01,1026,Queque Chocolate,Pasteles,7,12.15,85.05,Tarjeta,Ana,Norte,Lunes
1465,2026-01-18,12:48,1612,Galletas,Repostería,3,3.64,10.92,SINPE,Sofía,Centro,Martes
1466,2026-02-03,12:04,1115,Baguette,Pan,1,1.77,1.77,Tarjeta,María,Norte,Domingo
1467,2026-05-26,16:00,1318,Muffin,Repostería,8,2.31,18.48,Tarjeta,María,Norte,Martes
1468,2026-06-23,07:30,1504,Queque Vainilla,Pasteles,6,10.46,62.76,SINPE,Sofía,Centro,Martes
1469,2026-02-08,16:05,1761,Dona,Repostería,3,1.24,3.72,Efectivo,José,Norte,Miércoles
1470,2026-03-06,17:42,1308,Muffin,Repostería,2,2.34,4.68,Tarjeta,José,Norte,Sábado
1471,2026-02-11,12:23,1677,Capuchino,Bebidas,5,3.28,16.4,Efectivo,Sofía,Sur,Domingo
1472,2026-02-06,06:09,1649,Pan Francés,Pan,7,0.46,3.22,Efectivo,Luis,Centro,Jueves
1473,2026-04-28,11:12,1643,Queque Vainilla,Pasteles,1,10.07,10.07,SINPE,María,Norte,Martes
1474,2026-01-24,10:41,1786,Empanada Queso,Salado,5,2.31,11.55,SINPE,Carlos,Norte,Martes
1475,2026-04-25,14:29,1679,Queque Chocolate,Pasteles,6,12.37,74.22,Efectivo,José,Norte,Domingo
1476,2026-03-14,16:01,1556,Café,Bebidas,5,1.91,9.55,Efectivo,Ana,Centro,Jueves
1477,2026-06-10,08:55,1355,Pan Dulce,Pan,2,1.06,2.12,Tarjeta,María,Norte,Viernes
1478,2026-05-07,08:53,1696,Baguette,Pan,3,1.78,5.34,Efectivo,Ana,Centro,Sábado
1479,2026-02-19,19:33,1537,Galletas,Repostería,6,3.51,21.06,Efectivo,Sofía,Norte,Viernes
1480,2026-01-22,08:40,1649,Dona,Repostería,3,1.18,3.54,SINPE,Luis,Sur,Martes
1481,2026-03-02,12:18,1399,Café,Bebidas,7,2.07,14.49,SINPE,María,Norte,Jueves
1482,2026-03-01,07:16,1725,Queque Vainilla,Pasteles,3,10.22,30.66,SINPE,José,Norte,Martes
1483,2026-04-05,08:30,1164,Muffin,Repostería,2,2.29,4.58,Efectivo,María,Centro,Sábado
1484,2026-02-27,11:04,1231,Empanada Pollo,Salado,7,2.52,17.64,Tarjeta,Luis,Norte,Lunes
1485,2026-02-22,10:48,1335,Galletas,Repostería,3,3.4,10.2,Efectivo,José,Centro,Viernes
1486,2026-05-16,09:42,1448,Queque Chocolate,Pasteles,2,12.33,24.66,Tarjeta,Ana,Sur,Sábado
1487,2026-06-11,20:17,1041,Capuchino,Bebidas,8,3.09,24.72,Tarjeta,Carlos,Centro,Sábado
1488,2026-06-23,19:50,1498,Empanada Queso,Salado,7,2.32,16.24,Tarjeta,Luis,Sur,Lunes
1489,2026-06-16,19:44,1442,Baguette,Pan,6,1.75,10.5,Tarjeta,Ana,Sur,Lunes
1490,2026-06-09,20:16,1655,Pan Dulce,Pan,5,1.14,5.7,SINPE,Carlos,Norte,Sábado
1491,2026-01-01,07:45,1497,Pan Dulce,Pan,5,1.15,5.75,Efectivo,Sofía,Norte,Martes
1492,2026-01-25,19:45,1499,Capuchino,Bebidas,7,3.25,22.75,SINPE,Sofía,Sur,Jueves
1493,2026-01-19,19:50,1658,Capuchino,Bebidas,7,3.05,21.35,Efectivo,Sofía,Centro,Lunes
1494,2026-06-23,20:38,1431,Pan Integral,Pan,4,2.17,8.68,Tarjeta,José,Sur,Lunes
1495,2026-05-28,14:02,1408,Queque Vainilla,Pasteles,8,10.35,82.8,SINPE,José,Norte,Sábado
1496,2026-02-01,16:21,1101,Muffin,Repostería,1,2.33,2.33,Tarjeta,María,Centro,Sábado
1497,2026-06-12,11:15,1283,Empanada Queso,Salado,5,2.27,11.35,Tarjeta,Ana,Norte,Jueves
1498,2026-02-07,14:49,1560,Galletas,Repostería,5,3.59,17.95,SINPE,Carlos,Sur,Jueves
1499,2026-02-28,13:54,1091,Pan Integral,Pan,6,2.26,13.56,Tarjeta,Carlos,Sur,Viernes
1500,2026-03-04,20:46,1092,Galletas,Repostería,4,3.44,13.76,SINPE,María,Norte,Viernes
1501,2026-02-09,19:45,1497,Empanada Queso,Salado,3,2.36,7.08,Tarjeta,Carlos,Norte,Miércoles
1502,2026-03-01,07:12,1595,Pan Integral,Pan,3,2.3,6.9,Tarjeta,Sofía,Sur,Sábado
1503,2026-05-06,12:39,1712,Café,Bebidas,5,2.05,10.25,Efectivo,Luis,Centro,Lunes
1504,2026-02-23,11:34,1362,Galletas,Repostería,7,3.62,25.34,Tarjeta,Luis,Norte,Lunes
1505,2026-01-11,09:28,1041,Pan Dulce,Pan,5,1.11,5.55,Efectivo,Sofía,Centro,Sábado
1506,2026-06-08,09:56,1231,Queque Chocolate,Pasteles,1,11.99,11.99,Tarjeta,José,Centro,Martes
1507,2026-01-28,15:30,1449,Pan Francés,Pan,5,0.44,2.2,Tarjeta,Sofía,Sur,Viernes
1508,2026-05-19,12:40,1589,Dona,Repostería,7,1.16,8.12,Tarjeta,José,Norte,Sábado
1509,2026-03-14,11:23,1240,Pan Integral,Pan,6,2.27,13.62,Tarjeta,Sofía,Norte,Lunes
1510,2026-06-08,18:34,1592,Galletas,Repostería,3,3.44,10.32,Efectivo,Ana,Sur,Sábado
1511,2026-05-08,17:22,1734,Empanada Queso,Salado,6,2.21,13.26,SINPE,José,Sur,Domingo
1512,2026-01-15,15:28,1509,Dona,Repostería,8,1.17,9.36,SINPE,María,Centro,Martes
1513,2026-01-12,13:55,1723,Pan Francés,Pan,8,0.45,3.6,Efectivo,Ana,Sur,Miércoles
1514,2026-06-01,17:38,1502,Baguette,Pan,5,1.81,9.05,Tarjeta,José,Centro,Jueves
1515,2026-06-22,10:21,1238,Dona,Repostería,8,1.18,9.44,SINPE,Sofía,Norte,Martes
1516,2026-05-02,17:48,1366,Pan Integral,Pan,6,2.28,13.68,SINPE,Ana,Centro,Viernes
1517,2026-06-07,09:38,1792,Baguette,Pan,7,1.84,12.88,Efectivo,Luis,Centro,Sábado
1518,2026-03-03,07:25,1587,Muffin,Repostería,8,2.45,19.6,SINPE,José,Norte,Domingo
1519,2026-02-28,11:11,1098,Empanada Pollo,Salado,7,2.55,17.85,Tarjeta,Carlos,Centro,Sábado
1520,2026-02-09,12:12,1232,Empanada Pollo,Salado,5,2.5,12.5,Tarjeta,José,Sur,Lunes
1521,2026-05-09,06:56,1620,Queque Vainilla,Pasteles,8,10.25,82.0,Efectivo,Sofía,Centro,Sábado
1522,2026-05-01,06:20,1393,Queque Vainilla,Pasteles,2,9.67,19.34,Tarjeta,Ana,Sur,Viernes
1523,2026-02-21,15:31,1186,Queque Vainilla,Pasteles,2,10.46,20.92,SINPE,Luis,Norte,Lunes
1524,2026-05-06,20:28,1723,Pan Dulce,Pan,3,1.11,3.33,Efectivo,Sofía,Centro,Domingo
1525,2026-01-18,20:50,1123,Pan Dulce,Pan,8,1.05,8.4,Tarjeta,Carlos,Centro,Miércoles
1526,2026-02-04,13:12,1617,Jugo Natural,Bebidas,3,2.83,8.49,Efectivo,Sofía,Norte,Jueves
1527,2026-01-22,14:04,1346,Muffin,Repostería,7,2.47,17.29,Efectivo,Carlos,Centro,Martes
1528,2026-04-02,11:03,1491,Pan Dulce,Pan,8,1.07,8.56,SINPE,José,Sur,Lunes
1529,2026-03-17,15:36,1719,Pan Dulce,Pan,2,1.12,2.24,SINPE,Sofía,Norte,Domingo
1530,2026-02-15,18:12,1299,Café,Bebidas,4,1.96,7.84,SINPE,María,Norte,Jueves
1531,2026-04-04,11:35,1495,Empanada Pollo,Salado,2,2.5,5.0,SINPE,María,Norte,Jueves
1532,2026-06-02,14:53,1042,Pan Integral,Pan,5,2.26,11.3,Efectivo,Ana,Norte,Viernes
1533,2026-06-02,14:01,1048,Galletas,Repostería,3,3.55,10.65,Tarjeta,María,Centro,Miércoles
1534,2026-06-28,12:47,1520,Café,Bebidas,1,2.06,2.06,SINPE,Luis,Sur,Miércoles
1535,2026-01-15,08:57,1226,Jugo Natural,Bebidas,1,2.91,2.91,SINPE,Carlos,Centro,Sábado
1536,2026-06-20,06:02,1390,Dona,Repostería,8,1.16,9.28,Efectivo,José,Centro,Miércoles
1537,2026-03-06,12:52,1233,Pan Francés,Pan,4,0.46,1.84,Tarjeta,María,Centro,Martes
1538,2026-03-14,16:36,1727,Croissant,Repostería,4,1.52,6.08,SINPE,Carlos,Centro,Sábado
1539,2026-01-14,19:26,1386,Galletas,Repostería,5,3.47,17.35,Tarjeta,Luis,Norte,Miércoles
1540,2026-04-02,17:49,1459,Capuchino,Bebidas,1,3.24,3.24,Efectivo,José,Sur,Martes
1541,2026-04-03,08:34,1335,Baguette,Pan,2,1.73,3.46,Efectivo,José,Norte,Sábado
1542,2026-03-10,19:36,1267,Galletas,Repostería,7,3.42,23.94,Efectivo,Ana,Norte,Domingo
1543,2026-05-28,13:12,1130,Muffin,Repostería,4,2.51,10.04,SINPE,Ana,Norte,Jueves
1544,2026-04-06,07:48,1710,Baguette,Pan,2,1.75,3.5,Efectivo,Luis,Norte,Viernes
1545,2026-04-20,18:02,1678,Queque Vainilla,Pasteles,8,10.24,81.92,SINPE,Luis,Centro,Sábado
1546,2026-02-11,19:16,1179,Queque Vainilla,Pasteles,1,10.07,10.07,Tarjeta,María,Centro,Sábado
1547,2026-03-17,07:14,1188,Pan Francés,Pan,7,0.44,3.08,SINPE,Luis,Norte,Sábado
1548,2026-04-03,19:15,1616,Galletas,Repostería,8,3.33,26.64,SINPE,Carlos,Sur,Martes
1549,2026-06-03,12:33,1547,Croissant,Repostería,6,1.43,8.58,Efectivo,Sofía,Sur,Martes
1550,2026-02-04,16:14,1006,Galletas,Repostería,6,3.45,20.7,Tarjeta,Ana,Sur,Lunes
1551,2026-01-28,09:48,1643,Pan Dulce,Pan,7,1.13,7.91,Efectivo,Sofía,Sur,Lunes
1552,2026-06-13,10:43,1630,Pan Francés,Pan,8,0.47,3.76,Tarjeta,María,Sur,Martes
1553,2026-03-21,13:30,1156,Jugo Natural,Bebidas,8,2.83,22.64,Tarjeta,Sofía,Norte,Martes
1554,2026-02-13,10:56,1164,Croissant,Repostería,5,1.52,7.6,Tarjeta,José,Centro,Jueves
1555,2026-04-14,17:56,1554,Pan Integral,Pan,5,2.12,10.6,Efectivo,María,Centro,Domingo
1556,2026-04-14,20:26,1471,Jugo Natural,Bebidas,6,2.72,16.32,SINPE,María,Norte,Jueves
1557,2026-06-13,08:46,1542,Empanada Queso,Salado,6,2.26,13.56,Efectivo,Luis,Centro,Sábado
1558,2026-06-22,18:39,1372,Dona,Repostería,4,1.25,5.0,Tarjeta,Sofía,Norte,Miércoles
1559,2026-02-16,07:34,1667,Jugo Natural,Bebidas,5,2.72,13.6,Tarjeta,Carlos,Sur,Jueves
1560,2026-05-06,16:24,1529,Pan Francés,Pan,4,0.44,1.76,Tarjeta,Luis,Norte,Lunes
1561,2026-06-06,10:47,1696,Galletas,Repostería,4,3.46,13.84,SINPE,Luis,Sur,Jueves
1562,2026-03-15,09:55,1756,Capuchino,Bebidas,4,3.09,12.36,Efectivo,María,Norte,Viernes
1563,2026-01-03,06:00,1054,Muffin,Repostería,1,2.44,2.44,Tarjeta,Ana,Norte,Miércoles
1564,2026-03-27,07:23,1638,Dona,Repostería,3,1.25,3.75,Tarjeta,Sofía,Norte,Jueves
1565,2026-01-26,14:10,1155,Queque Vainilla,Pasteles,3,9.79,29.37,Efectivo,María,Centro,Viernes
1566,2026-05-21,13:44,1287,Muffin,Repostería,7,2.32,16.24,SINPE,Luis,Centro,Sábado
1567,2026-01-05,20:24,1484,Croissant,Repostería,8,1.44,11.52,Tarjeta,María,Centro,Domingo
1568,2026-05-19,08:28,1020,Pan Francés,Pan,6,0.47,2.82,Tarjeta,José,Sur,Miércoles
1569,2026-03-03,08:08,1639,Muffin,Repostería,6,2.52,15.12,Tarjeta,José,Norte,Martes
1570,2026-03-10,17:50,1085,Baguette,Pan,4,1.88,7.52,Tarjeta,Sofía,Norte,Lunes
1571,2026-03-28,10:12,1525,Capuchino,Bebidas,7,3.36,23.52,Tarjeta,Sofía,Centro,Jueves
1572,2026-02-23,10:16,1459,Queque Vainilla,Pasteles,3,9.55,28.65,Tarjeta,Carlos,Centro,Miércoles
1573,2026-03-18,06:08,1639,Galletas,Repostería,8,3.56,28.48,Efectivo,José,Sur,Lunes
1574,2026-04-13,12:02,1711,Queque Chocolate,Pasteles,7,11.64,81.48,SINPE,Carlos,Sur,Jueves
1575,2026-04-14,17:21,1135,Queque Vainilla,Pasteles,6,10.3,61.8,Tarjeta,José,Norte,Viernes
1576,2026-01-15,20:42,1086,Dona,Repostería,8,1.17,9.36,SINPE,Carlos,Sur,Lunes
1577,2026-01-08,07:11,1382,Pan Francés,Pan,3,0.46,1.38,Efectivo,Luis,Sur,Domingo
1578,2026-01-24,06:47,1349,Dona,Repostería,2,1.24,2.48,SINPE,Ana,Centro,Viernes
1579,2026-03-26,16:06,1627,Jugo Natural,Bebidas,8,2.84,22.72,Efectivo,Ana,Sur,Martes
1580,2026-06-03,06:27,1702,Dona,Repostería,2,1.16,2.32,Efectivo,Luis,Centro,Sábado
1581,2026-05-07,13:52,1202,Baguette,Pan,7,1.77,12.39,SINPE,María,Sur,Sábado
1582,2026-06-19,19:55,1062,Croissant,Repostería,8,1.47,11.76,Tarjeta,Luis,Sur,Lunes
1583,2026-03-05,20:34,1589,Baguette,Pan,3,1.89,5.67,Efectivo,José,Centro,Sábado
1584,2026-03-25,09:10,1404,Pan Integral,Pan,2,2.13,4.26,SINPE,Sofía,Norte,Viernes
1585,2026-03-27,11:47,1246,Empanada Pollo,Salado,5,2.43,12.15,SINPE,Ana,Sur,Sábado
1586,2026-01-02,07:31,1352,Queque Chocolate,Pasteles,5,12.31,61.55,SINPE,Ana,Sur,Domingo
1587,2026-06-15,06:47,1690,Pan Dulce,Pan,7,1.05,7.35,Efectivo,Carlos,Sur,Domingo
1588,2026-05-22,07:36,1268,Muffin,Repostería,6,2.45,14.7,SINPE,Carlos,Norte,Miércoles
1589,2026-03-25,13:20,1559,Galletas,Repostería,8,3.45,27.6,SINPE,Luis,Centro,Viernes
1590,2026-04-15,20:29,1332,Croissant,Repostería,1,1.53,1.53,Tarjeta,María,Norte,Jueves
1591,2026-04-14,06:55,1142,Croissant,Repostería,3,1.54,4.62,Tarjeta,María,Sur,Martes
1592,2026-06-06,08:37,1188,Empanada Pollo,Salado,6,2.38,14.28,Efectivo,Ana,Centro,Jueves
1593,2026-02-01,13:25,1162,Empanada Queso,Salado,3,2.25,6.75,Tarjeta,Sofía,Norte,Martes
1594,2026-04-14,12:54,1163,Dona,Repostería,8,1.21,9.68,Tarjeta,José,Centro,Miércoles
1595,2026-06-16,15:18,1144,Baguette,Pan,2,1.88,3.76,Efectivo,Sofía,Norte,Domingo
1596,2026-03-21,08:21,1645,Dona,Repostería,7,1.2,8.4,Tarjeta,José,Sur,Jueves
1597,2026-05-10,11:46,1382,Capuchino,Bebidas,2,3.23,6.46,SINPE,Luis,Norte,Viernes
1598,2026-03-14,09:13,1334,Empanada Queso,Salado,2,2.19,4.38,SINPE,Luis,Norte,Sábado
1599,2026-05-11,15:50,1339,Muffin,Repostería,8,2.47,19.76,SINPE,Luis,Centro,Miércoles
1600,2026-05-08,19:52,1255,Pan Integral,Pan,4,2.25,9.0,Tarjeta,Sofía,Norte,Lunes
1601,2026-02-20,11:05,1541,Queque Vainilla,Pasteles,2,9.88,19.76,Tarjeta,María,Sur,Sábado
1602,2026-02-26,18:17,1728,Queque Chocolate,Pasteles,2,11.94,23.88,Efectivo,Carlos,Centro,Jueves
1603,2026-03-12,19:39,1494,Dona,Repostería,4,1.22,4.88,SINPE,Luis,Norte,Miércoles
1604,2026-05-07,19:51,1661,Empanada Queso,Salado,6,2.32,13.92,Efectivo,Sofía,Sur,Lunes
1605,2026-02-17,18:32,1289,Queque Chocolate,Pasteles,1,12.28,12.28,Efectivo,María,Norte,Sábado
1606,2026-02-05,10:01,1029,Pan Dulce,Pan,1,1.08,1.08,SINPE,José,Norte,Lunes
1607,2026-02-15,16:24,1568,Queque Vainilla,Pasteles,8,10.28,82.24,Efectivo,Sofía,Norte,Domingo
1608,2026-04-09,09:45,1621,Queque Vainilla,Pasteles,2,10.44,20.88,Tarjeta,Carlos,Centro,Viernes
1609,2026-01-02,19:20,1565,Croissant,Repostería,6,1.57,9.42,Tarjeta,Carlos,Centro,Miércoles
1610,2026-06-14,16:20,1405,Pan Dulce,Pan,7,1.11,7.77,Efectivo,Carlos,Sur,Domingo
1611,2026-03-19,18:36,1040,Pan Integral,Pan,1,2.23,2.23,SINPE,Ana,Sur,Sábado
1612,2026-01-05,08:06,1535,Galletas,Repostería,3,3.5,10.5,Efectivo,José,Centro,Lunes
1613,2026-03-03,12:21,1768,Pan Integral,Pan,6,2.3,13.8,Efectivo,María,Norte,Viernes
1614,2026-04-23,08:35,1091,Pan Francés,Pan,7,0.46,3.22,Efectivo,María,Centro,Lunes
1615,2026-01-21,16:35,1024,Pan Integral,Pan,5,2.14,10.7,Efectivo,José,Sur,Martes
1616,2026-02-05,19:08,1512,Empanada Queso,Salado,1,2.19,2.19,Tarjeta,Carlos,Norte,Domingo
1617,2026-03-16,06:42,1731,Jugo Natural,Bebidas,7,2.67,18.69,SINPE,María,Sur,Lunes
1618,2026-02-08,15:31,1007,Pan Francés,Pan,4,0.45,1.8,Tarjeta,José,Centro,Viernes
1619,2026-02-13,09:09,1549,Muffin,Repostería,6,2.4,14.4,Efectivo,José,Sur,Viernes
1620,2026-05-13,08:53,1206,Queque Chocolate,Pasteles,5,12.07,60.35,SINPE,Carlos,Norte,Martes
1621,2026-06-10,13:01,1456,Queque Vainilla,Pasteles,5,9.89,49.45,SINPE,José,Sur,Viernes
1622,2026-01-02,12:51,1109,Pan Integral,Pan,7,2.14,14.98,SINPE,Luis,Centro,Domingo
1623,2026-06-07,20:37,1310,Capuchino,Bebidas,5,3.31,16.55,Tarjeta,María,Centro,Sábado
1624,2026-03-07,14:01,1317,Jugo Natural,Bebidas,4,2.82,11.28,Efectivo,Luis,Centro,Domingo
1625,2026-06-13,17:20,1468,Queque Vainilla,Pasteles,4,10.0,40.0,Tarjeta,Sofía,Centro,Jueves
1626,2026-06-28,09:04,1631,Empanada Queso,Salado,5,2.37,11.85,Efectivo,Ana,Centro,Viernes
1627,2026-01-10,13:24,1746,Pan Francés,Pan,1,0.47,0.47,SINPE,Luis,Centro,Lunes
1628,2026-04-24,20:23,1077,Queque Vainilla,Pasteles,4,10.15,40.6,Tarjeta,María,Sur,Lunes
1629,2026-03-05,10:29,1209,Queque Chocolate,Pasteles,1,12.48,12.48,Efectivo,José,Sur,Sábado
1630,2026-04-06,06:07,1088,Pan Integral,Pan,1,2.28,2.28,SINPE,Luis,Norte,Domingo
1631,2026-06-19,13:04,1748,Muffin,Repostería,5,2.34,11.7,SINPE,Luis,Centro,Lunes
1632,2026-04-14,19:29,1422,Empanada Pollo,Salado,7,2.38,16.66,Efectivo,Ana,Sur,Lunes
1633,2026-03-23,10:46,1490,Jugo Natural,Bebidas,2,2.93,5.86,Efectivo,Carlos,Centro,Sábado
1634,2026-04-26,06:41,1045,Queque Chocolate,Pasteles,4,11.68,46.72,SINPE,María,Sur,Sábado
1635,2026-06-02,10:23,1090,Empanada Queso,Salado,4,2.35,9.4,SINPE,Carlos,Norte,Domingo
1636,2026-03-24,14:34,1149,Empanada Queso,Salado,3,2.27,6.81,Tarjeta,José,Sur,Miércoles
1637,2026-03-15,11:49,1299,Empanada Pollo,Salado,3,2.52,7.56,Efectivo,José,Norte,Sábado
1638,2026-04-03,15:16,1140,Café,Bebidas,7,1.97,13.79,Tarjeta,Carlos,Sur,Jueves
1639,2026-03-17,20:55,1640,Empanada Queso,Salado,3,2.39,7.17,Efectivo,Sofía,Norte,Viernes
1640,2026-05-05,19:50,1210,Jugo Natural,Bebidas,3,2.9,8.7,SINPE,María,Centro,Domingo
1641,2026-05-02,14:06,1589,Empanada Pollo,Salado,2,2.62,5.24,Efectivo,Carlos,Sur,Sábado
1642,2026-03-16,07:20,1749,Croissant,Repostería,4,1.53,6.12,Tarjeta,Sofía,Norte,Viernes
1643,2026-03-24,12:44,1769,Jugo Natural,Bebidas,7,2.72,19.04,Efectivo,Luis,Sur,Sábado
1644,2026-02-23,06:57,1516,Empanada Queso,Salado,3,2.38,7.14,Efectivo,María,Centro,Lunes
1645,2026-04-10,19:13,1554,Galletas,Repostería,5,3.41,17.05,SINPE,Ana,Centro,Lunes
1646,2026-02-06,19:49,1696,Pan Francés,Pan,1,0.44,0.44,Efectivo,Ana,Norte,Jueves
1647,2026-06-13,06:44,1611,Baguette,Pan,7,1.88,13.16,Tarjeta,Carlos,Norte,Miércoles
1648,2026-05-16,16:39,1607,Dona,Repostería,5,1.19,5.95,Efectivo,José,Norte,Lunes
1649,2026-03-23,13:55,1392,Empanada Queso,Salado,6,2.27,13.62,SINPE,Ana,Norte,Sábado
1650,2026-06-16,06:24,1039,Capuchino,Bebidas,6,3.34,20.04,Tarjeta,Ana,Norte,Miércoles
1651,2026-06-27,17:40,1096,Café,Bebidas,2,1.92,3.84,Tarjeta,María,Sur,Miércoles
1652,2026-03-18,18:45,1462,Dona,Repostería,8,1.14,9.12,Efectivo,Sofía,Norte,Lunes
1653,2026-06-25,06:59,1518,Pan Francés,Pan,3,0.45,1.35,Tarjeta,Ana,Sur,Martes
1654,2026-04-26,20:34,1669,Empanada Queso,Salado,5,2.35,11.75,SINPE,Ana,Norte,Viernes
1655,2026-04-10,19:10,1040,Baguette,Pan,8,1.74,13.92,Tarjeta,Sofía,Norte,Jueves
1656,2026-01-07,13:31,1255,Baguette,Pan,3,1.88,5.64,Efectivo,María,Sur,Domingo
1657,2026-01-10,08:14,1348,Jugo Natural,Bebidas,3,2.88,8.64,SINPE,Sofía,Norte,Martes
1658,2026-01-04,08:08,1135,Galletas,Repostería,8,3.61,28.88,SINPE,Sofía,Sur,Lunes
1659,2026-06-14,06:45,1537,Empanada Queso,Salado,8,2.27,18.16,SINPE,Carlos,Sur,Viernes
1660,2026-03-14,14:44,1432,Baguette,Pan,7,1.8,12.6,Efectivo,Ana,Centro,Miércoles
1661,2026-05-08,20:59,1140,Muffin,Repostería,6,2.39,14.34,Efectivo,Ana,Centro,Lunes
1662,2026-04-22,14:23,1570,Capuchino,Bebidas,3,3.25,9.75,Tarjeta,María,Centro,Domingo
1663,2026-01-18,06:14,1207,Jugo Natural,Bebidas,3,2.82,8.46,Efectivo,Carlos,Centro,Sábado
1664,2026-01-17,18:00,1115,Galletas,Repostería,7,3.33,23.31,SINPE,José,Norte,Viernes
1665,2026-02-11,20:15,1491,Café,Bebidas,1,1.96,1.96,Efectivo,Luis,Sur,Jueves
1666,2026-02-13,14:40,1642,Empanada Queso,Salado,8,2.23,17.84,SINPE,Ana,Centro,Sábado
1667,2026-01-16,14:04,1579,Croissant,Repostería,3,1.55,4.65,Efectivo,Luis,Sur,Domingo
1668,2026-03-14,06:48,1442,Empanada Pollo,Salado,6,2.61,15.66,Efectivo,Carlos,Norte,Lunes
1669,2026-05-27,19:14,1766,Dona,Repostería,6,1.19,7.14,Efectivo,María,Sur,Domingo
1670,2026-06-06,09:38,1533,Café,Bebidas,7,2.03,14.21,Tarjeta,María,Centro,Jueves
1671,2026-05-03,17:57,1795,Capuchino,Bebidas,1,3.17,3.17,Efectivo,José,Centro,Miércoles
1672,2026-06-26,20:21,1310,Queque Chocolate,Pasteles,7,11.74,82.18,SINPE,Sofía,Norte,Miércoles
1673,2026-04-25,19:53,1704,Pan Dulce,Pan,8,1.1,8.8,SINPE,José,Sur,Sábado
1674,2026-01-23,13:21,1545,Capuchino,Bebidas,3,3.19,9.57,SINPE,Sofía,Sur,Lunes
1675,2026-03-20,14:14,1320,Queque Chocolate,Pasteles,5,12.52,62.6,Tarjeta,Luis,Sur,Martes
1676,2026-03-17,16:26,1285,Queque Vainilla,Pasteles,5,9.69,48.45,Tarjeta,Sofía,Norte,Sábado
1677,2026-02-26,18:44,1302,Jugo Natural,Bebidas,4,2.88,11.52,Efectivo,José,Sur,Miércoles
1678,2026-04-19,14:11,1120,Galletas,Repostería,6,3.4,20.4,SINPE,José,Norte,Sábado
1679,2026-06-27,11:11,1663,Dona,Repostería,4,1.21,4.84,Tarjeta,Carlos,Centro,Jueves
1680,2026-04-18,11:09,1260,Empanada Queso,Salado,5,2.4,12.0,SINPE,Ana,Norte,Lunes
1681,2026-02-26,20:16,1506,Empanada Pollo,Salado,7,2.38,16.66,Tarjeta,Sofía,Sur,Domingo
1682,2026-01-14,16:31,1609,Queque Chocolate,Pasteles,7,11.64,81.48,Efectivo,María,Norte,Jueves
1683,2026-01-12,18:51,1055,Queque Vainilla,Pasteles,2,9.64,19.28,Efectivo,Ana,Norte,Lunes
1684,2026-01-24,16:27,1209,Café,Bebidas,5,1.93,9.65,Efectivo,José,Sur,Lunes
1685,2026-05-24,10:18,1440,Pan Francés,Pan,2,0.44,0.88,Efectivo,Luis,Centro,Viernes
1686,2026-03-27,09:09,1023,Capuchino,Bebidas,5,3.34,16.7,SINPE,Sofía,Norte,Domingo
1687,2026-04-07,14:39,1017,Dona,Repostería,3,1.24,3.72,Efectivo,Ana,Sur,Sábado
1688,2026-01-04,09:54,1416,Capuchino,Bebidas,5,3.3,16.5,Efectivo,Luis,Norte,Viernes
1689,2026-03-04,06:15,1687,Croissant,Repostería,3,1.56,4.68,Tarjeta,María,Sur,Domingo
1690,2026-02-04,19:05,1418,Capuchino,Bebidas,7,3.18,22.26,SINPE,María,Norte,Martes
1691,2026-04-01,14:48,1278,Galletas,Repostería,7,3.62,25.34,Efectivo,José,Norte,Jueves
1692,2026-04-17,15:24,1452,Pan Integral,Pan,6,2.16,12.96,SINPE,Luis,Norte,Martes
1693,2026-06-22,12:10,1413,Galletas,Repostería,2,3.54,7.08,Efectivo,Luis,Norte,Miércoles
1694,2026-03-08,12:38,1480,Empanada Pollo,Salado,5,2.44,12.2,Efectivo,José,Sur,Martes
1695,2026-01-13,15:22,1368,Jugo Natural,Bebidas,2,2.79,5.58,Tarjeta,Ana,Norte,Jueves
1696,2026-01-14,10:22,1234,Galletas,Repostería,8,3.64,29.12,Tarjeta,Carlos,Norte,Jueves
1697,2026-05-21,14:38,1543,Croissant,Repostería,3,1.46,4.38,Efectivo,Ana,Norte,Miércoles
1698,2026-02-03,15:44,1566,Pan Francés,Pan,4,0.43,1.72,Efectivo,Carlos,Centro,Viernes
1699,2026-03-05,19:27,1285,Muffin,Repostería,5,2.39,11.95,Efectivo,Luis,Norte,Miércoles
1700,2026-01-20,06:36,1670,Croissant,Repostería,2,1.46,2.92,SINPE,Luis,Norte,Viernes
1701,2026-02-01,18:12,1617,Empanada Queso,Salado,7,2.39,16.73,SINPE,Ana,Centro,Domingo
1702,2026-02-18,07:49,1473,Baguette,Pan,5,1.86,9.3,SINPE,Carlos,Sur,Martes
1703,2026-01-11,19:10,1784,Croissant,Repostería,3,1.46,4.38,Tarjeta,Sofía,Centro,Viernes
1704,2026-02-02,13:09,1135,Café,Bebidas,1,1.98,1.98,Efectivo,Sofía,Norte,Viernes
1705,2026-04-06,17:07,1730,Pan Integral,Pan,5,2.19,10.95,Efectivo,Luis,Sur,Viernes
1706,2026-04-05,06:18,1471,Pan Integral,Pan,1,2.1,2.1,SINPE,María,Sur,Domingo
1707,2026-04-21,14:22,1620,Empanada Pollo,Salado,7,2.6,18.2,SINPE,José,Sur,Jueves
1708,2026-04-06,14:54,1511,Pan Integral,Pan,5,2.21,11.05,Efectivo,Ana,Centro,Lunes
1709,2026-01-20,20:26,1391,Capuchino,Bebidas,6,3.31,19.86,Tarjeta,Carlos,Norte,Lunes
1710,2026-01-07,12:49,1653,Queque Vainilla,Pasteles,8,9.7,77.6,Efectivo,María,Sur,Domingo
1711,2026-03-13,09:09,1016,Pan Integral,Pan,3,2.23,6.69,Efectivo,María,Norte,Jueves
1712,2026-03-07,13:08,1425,Empanada Pollo,Salado,8,2.55,20.4,Efectivo,Luis,Centro,Sábado
1713,2026-01-12,13:58,1395,Muffin,Repostería,2,2.35,4.7,SINPE,María,Centro,Viernes
1714,2026-05-16,06:59,1490,Queque Chocolate,Pasteles,6,12.39,74.34,Efectivo,Carlos,Norte,Martes
1715,2026-01-05,17:45,1575,Queque Chocolate,Pasteles,3,11.41,34.23,Tarjeta,Ana,Centro,Viernes
1716,2026-04-11,18:39,1471,Dona,Repostería,6,1.14,6.84,Tarjeta,Sofía,Norte,Miércoles
1717,2026-05-04,20:28,1776,Queque Vainilla,Pasteles,1,10.3,10.3,Tarjeta,María,Sur,Lunes
1718,2026-02-27,12:21,1676,Jugo Natural,Bebidas,2,2.94,5.88,SINPE,María,Sur,Sábado
1719,2026-02-03,15:24,1282,Jugo Natural,Bebidas,5,2.7,13.5,Tarjeta,Luis,Centro,Lunes
1720,2026-02-14,15:12,1427,Queque Chocolate,Pasteles,1,12.54,12.54,Efectivo,María,Sur,Viernes
1721,2026-01-06,19:02,1271,Queque Chocolate,Pasteles,4,11.4,45.6,SINPE,María,Centro,Martes
1722,2026-04-04,07:42,1470,Empanada Queso,Salado,3,2.4,7.2,Tarjeta,Sofía,Sur,Miércoles
1723,2026-03-19,14:35,1759,Pan Dulce,Pan,8,1.15,9.2,Tarjeta,José,Sur,Miércoles
1724,2026-06-19,14:43,1285,Café,Bebidas,3,2.03,6.09,SINPE,Luis,Centro,Domingo
1725,2026-03-17,10:31,1741,Pan Francés,Pan,7,0.45,3.15,Tarjeta,Ana,Sur,Miércoles
1726,2026-02-18,09:54,1224,Pan Integral,Pan,5,2.11,10.55,Efectivo,María,Centro,Lunes
1727,2026-04-14,15:21,1306,Galletas,Repostería,6,3.47,20.82,Efectivo,Luis,Centro,Viernes
1728,2026-01-14,12:52,1442,Empanada Queso,Salado,2,2.36,4.72,Efectivo,María,Norte,Lunes
1729,2026-02-16,20:31,1405,Queque Vainilla,Pasteles,6,9.62,57.72,SINPE,Luis,Norte,Jueves
1730,2026-05-26,08:21,1163,Pan Dulce,Pan,4,1.08,4.32,SINPE,Carlos,Sur,Jueves
1731,2026-01-26,17:00,1153,Pan Dulce,Pan,2,1.06,2.12,SINPE,María,Norte,Lunes
1732,2026-01-16,08:02,1136,Muffin,Repostería,3,2.52,7.56,Tarjeta,Carlos,Sur,Sábado
1733,2026-01-02,08:57,1317,Muffin,Repostería,6,2.44,14.64,Tarjeta,Ana,Centro,Viernes
1734,2026-02-26,08:57,1400,Baguette,Pan,1,1.82,1.82,Tarjeta,Ana,Norte,Viernes
1735,2026-03-05,07:29,1620,Queque Chocolate,Pasteles,2,12.4,24.8,Tarjeta,Luis,Sur,Domingo
1736,2026-02-23,10:02,1402,Galletas,Repostería,2,3.5,7.0,Tarjeta,José,Centro,Sábado
1737,2026-05-10,10:41,1722,Empanada Queso,Salado,8,2.27,18.16,Tarjeta,María,Centro,Domingo
1738,2026-02-08,13:09,1720,Pan Dulce,Pan,5,1.12,5.6,Efectivo,Ana,Centro,Lunes
1739,2026-04-05,08:46,1075,Capuchino,Bebidas,2,3.09,6.18,Tarjeta,Carlos,Sur,Miércoles
1740,2026-04-14,07:59,1659,Capuchino,Bebidas,4,3.27,13.08,SINPE,José,Sur,Sábado
1741,2026-02-16,16:02,1372,Capuchino,Bebidas,5,3.34,16.7,Efectivo,María,Centro,Miércoles
1742,2026-03-13,08:52,1509,Baguette,Pan,1,1.72,1.72,Tarjeta,José,Norte,Domingo
1743,2026-03-24,17:27,1674,Galletas,Repostería,6,3.48,20.88,Tarjeta,Sofía,Sur,Martes
1744,2026-04-03,13:56,1342,Pan Francés,Pan,3,0.47,1.41,Efectivo,Ana,Centro,Martes
1745,2026-02-24,08:26,1039,Café,Bebidas,8,2.09,16.72,Efectivo,José,Norte,Sábado
1746,2026-01-16,18:52,1513,Queque Vainilla,Pasteles,6,9.84,59.04,Efectivo,Luis,Centro,Miércoles
1747,2026-05-19,15:59,1626,Jugo Natural,Bebidas,5,2.81,14.05,Efectivo,María,Sur,Domingo
1748,2026-05-18,10:34,1773,Pan Francés,Pan,8,0.47,3.76,Tarjeta,Ana,Norte,Miércoles
1749,2026-01-16,19:56,1427,Pan Francés,Pan,7,0.45,3.15,Tarjeta,Sofía,Sur,Martes
1750,2026-02-15,10:19,1667,Muffin,Repostería,6,2.48,14.88,Efectivo,Luis,Sur,Viernes
1751,2026-05-08,06:14,1460,Queque Chocolate,Pasteles,7,11.72,82.04,Efectivo,María,Centro,Jueves
1752,2026-03-18,19:57,1559,Pan Francés,Pan,2,0.46,0.92,Tarjeta,Ana,Sur,Domingo
1753,2026-06-02,13:37,1218,Galletas,Repostería,5,3.59,17.95,SINPE,José,Sur,Miércoles
1754,2026-04-18,17:21,1181,Pan Integral,Pan,2,2.28,4.56,SINPE,José,Centro,Lunes
1755,2026-06-08,13:01,1101,Jugo Natural,Bebidas,7,2.68,18.76,Efectivo,José,Sur,Miércoles
1756,2026-04-06,20:27,1208,Croissant,Repostería,5,1.53,7.65,SINPE,Luis,Norte,Lunes
1757,2026-05-23,14:40,1070,Pan Integral,Pan,5,2.16,10.8,Efectivo,Luis,Centro,Domingo
1758,2026-01-25,18:50,1776,Muffin,Repostería,1,2.51,2.51,Tarjeta,Luis,Centro,Domingo
1759,2026-05-15,14:07,1492,Empanada Queso,Salado,6,2.21,13.26,SINPE,Sofía,Norte,Domingo
1760,2026-03-06,12:51,1193,Baguette,Pan,6,1.85,11.1,SINPE,Carlos,Sur,Lunes
1761,2026-02-05,11:10,1534,Muffin,Repostería,2,2.52,5.04,SINPE,Sofía,Centro,Jueves
1762,2026-04-26,18:27,1106,Muffin,Repostería,6,2.29,13.74,SINPE,María,Centro,Martes
1763,2026-06-23,07:47,1232,Dona,Repostería,8,1.23,9.84,SINPE,María,Sur,Domingo
1764,2026-03-07,20:02,1037,Empanada Queso,Salado,7,2.26,15.82,Tarjeta,Luis,Centro,Viernes
1765,2026-03-21,11:26,1767,Queque Vainilla,Pasteles,1,10.49,10.49,Efectivo,Carlos,Norte,Lunes
1766,2026-05-25,07:37,1139,Croissant,Repostería,2,1.51,3.02,Tarjeta,María,Sur,Viernes
1767,2026-01-26,19:40,1324,Galletas,Repostería,6,3.37,20.22,Efectivo,Carlos,Sur,Domingo
1768,2026-01-02,10:42,1140,Empanada Pollo,Salado,5,2.38,11.9,SINPE,Carlos,Norte,Martes
1769,2026-01-17,11:04,1510,Queque Chocolate,Pasteles,6,12.42,74.52,Tarjeta,José,Norte,Jueves
1770,2026-03-06,17:05,1140,Pan Francés,Pan,1,0.47,0.47,SINPE,Sofía,Sur,Domingo
1771,2026-03-25,11:20,1126,Baguette,Pan,6,1.73,10.38,Efectivo,Sofía,Centro,Viernes
1772,2026-03-10,19:48,1563,Pan Integral,Pan,2,2.14,4.28,SINPE,Ana,Sur,Viernes
1773,2026-06-10,07:57,1413,Muffin,Repostería,5,2.5,12.5,Efectivo,Carlos,Norte,Lunes
1774,2026-01-05,07:06,1602,Jugo Natural,Bebidas,6,2.74,16.44,Efectivo,Ana,Norte,Lunes
1775,2026-01-09,08:37,1574,Empanada Queso,Salado,6,2.28,13.68,Efectivo,Ana,Norte,Martes
1776,2026-01-16,09:46,1725,Croissant,Repostería,2,1.52,3.04,Efectivo,Luis,Sur,Domingo
1777,2026-01-22,14:56,1279,Pan Dulce,Pan,4,1.15,4.6,SINPE,José,Centro,Jueves
1778,2026-02-20,16:24,1197,Café,Bebidas,4,1.91,7.64,SINPE,Carlos,Norte,Martes
1779,2026-03-09,09:39,1127,Empanada Pollo,Salado,7,2.6,18.2,SINPE,María,Norte,Sábado
1780,2026-01-13,15:12,1764,Capuchino,Bebidas,8,3.04,24.32,Tarjeta,José,Centro,Viernes
1781,2026-02-05,17:02,1236,Croissant,Repostería,2,1.57,3.14,Efectivo,José,Centro,Sábado
1782,2026-02-09,07:36,1002,Baguette,Pan,7,1.73,12.11,SINPE,Luis,Sur,Lunes
1783,2026-03-07,13:09,1150,Pan Dulce,Pan,1,1.09,1.09,SINPE,José,Centro,Domingo
1784,2026-04-22,14:43,1281,Queque Vainilla,Pasteles,6,10.48,62.88,Tarjeta,José,Centro,Domingo
1785,2026-03-07,19:42,1678,Jugo Natural,Bebidas,3,2.72,8.16,Efectivo,María,Norte,Miércoles
1786,2026-04-15,08:03,1800,Empanada Pollo,Salado,1,2.44,2.44,Efectivo,José,Norte,Viernes
1787,2026-03-05,10:17,1181,Queque Chocolate,Pasteles,4,11.9,47.6,Tarjeta,Ana,Norte,Domingo
1788,2026-03-10,16:14,1460,Pan Integral,Pan,2,2.22,4.44,Efectivo,José,Norte,Domingo
1789,2026-04-08,13:57,1136,Empanada Queso,Salado,7,2.25,15.75,Efectivo,Luis,Sur,Jueves
1790,2026-05-17,16:59,1148,Empanada Pollo,Salado,4,2.62,10.48,Efectivo,Carlos,Sur,Miércoles
1791,2026-03-28,16:33,1317,Café,Bebidas,5,2.04,10.2,SINPE,María,Centro,Lunes
1792,2026-03-09,18:15,1775,Capuchino,Bebidas,2,3.12,6.24,SINPE,Sofía,Sur,Viernes
1793,2026-05-01,08:01,1335,Pan Integral,Pan,3,2.23,6.69,SINPE,Sofía,Norte,Viernes
1794,2026-02-04,17:19,1738,Queque Vainilla,Pasteles,1,9.98,9.98,Tarjeta,Carlos,Sur,Domingo
1795,2026-06-27,15:36,1577,Queque Chocolate,Pasteles,4,12.15,48.6,Tarjeta,Ana,Norte,Jueves
1796,2026-03-02,19:21,1365,Capuchino,Bebidas,4,3.32,13.28,Tarjeta,Luis,Sur,Miércoles
1797,2026-05-01,17:04,1105,Empanada Queso,Salado,4,2.28,9.12,SINPE,Luis,Centro,Jueves
1798,2026-04-18,17:04,1105,Pan Dulce,Pan,1,1.07,1.07,SINPE,Sofía,Norte,Sábado
1799,2026-02-12,07:02,1262,Croissant,Repostería,4,1.54,6.16,Efectivo,Sofía,Norte,Lunes
1800,2026-01-11,20:15,1626,Queque Chocolate,Pasteles,8,12.47,99.76,Efectivo,Ana,Norte,Domingo
1801,2026-06-09,14:10,1673,Capuchino,Bebidas,4,3.05,12.2,SINPE,José,Centro,Domingo
1802,2026-03-04,07:32,1596,Empanada Queso,Salado,4,2.37,9.48,Efectivo,Sofía,Norte,Lunes
1803,2026-04-18,17:10,1027,Empanada Pollo,Salado,6,2.61,15.66,SINPE,Ana,Sur,Viernes
1804,2026-02-08,17:02,1750,Pan Francés,Pan,5,0.44,2.2,Efectivo,Luis,Centro,Martes
1805,2026-06-15,09:39,1137,Croissant,Repostería,5,1.49,7.45,Efectivo,Ana,Sur,Sábado
1806,2026-03-27,16:27,1157,Dona,Repostería,6,1.22,7.32,SINPE,Ana,Centro,Jueves
1807,2026-01-18,08:43,1430,Empanada Pollo,Salado,1,2.42,2.42,Efectivo,Ana,Centro,Martes
1808,2026-04-08,17:52,1170,Baguette,Pan,3,1.78,5.34,Tarjeta,José,Sur,Sábado
1809,2026-02-27,15:34,1676,Café,Bebidas,6,2.08,12.48,SINPE,Luis,Norte,Jueves
1810,2026-03-20,09:59,1751,Croissant,Repostería,8,1.47,11.76,Efectivo,Luis,Norte,Miércoles
1811,2026-05-04,18:44,1129,Empanada Pollo,Salado,8,2.61,20.88,Efectivo,Luis,Sur,Sábado
1812,2026-04-21,15:45,1755,Café,Bebidas,2,2.01,4.02,Efectivo,Ana,Sur,Martes
1813,2026-02-02,14:54,1621,Café,Bebidas,4,2.06,8.24,SINPE,Ana,Centro,Viernes
1814,2026-05-03,10:16,1340,Café,Bebidas,2,1.97,3.94,SINPE,Luis,Centro,Lunes
1815,2026-02-05,18:50,1225,Empanada Pollo,Salado,8,2.59,20.72,SINPE,José,Centro,Viernes
1816,2026-06-21,14:05,1755,Croissant,Repostería,8,1.44,11.52,Tarjeta,María,Centro,Sábado
1817,2026-01-25,06:49,1680,Queque Chocolate,Pasteles,6,11.44,68.64,SINPE,Ana,Sur,Lunes
1818,2026-06-26,16:37,1083,Baguette,Pan,6,1.74,10.44,Efectivo,José,Centro,Jueves
1819,2026-05-21,11:03,1645,Pan Integral,Pan,2,2.19,4.38,SINPE,Sofía,Centro,Sábado
1820,2026-06-04,18:58,1516,Croissant,Repostería,6,1.47,8.82,SINPE,Carlos,Norte,Miércoles
1821,2026-02-20,16:36,1552,Croissant,Repostería,2,1.51,3.02,Tarjeta,Carlos,Norte,Viernes
1822,2026-03-17,15:50,1043,Muffin,Repostería,2,2.32,4.64,Tarjeta,María,Norte,Lunes
1823,2026-01-20,06:00,1677,Café,Bebidas,7,1.99,13.93,Tarjeta,Luis,Norte,Miércoles
1824,2026-06-17,10:33,1153,Jugo Natural,Bebidas,6,2.68,16.08,Tarjeta,María,Sur,Lunes
1825,2026-03-17,09:20,1378,Dona,Repostería,7,1.16,8.12,SINPE,Ana,Norte,Miércoles
1826,2026-04-24,06:35,1731,Pan Dulce,Pan,3,1.13,3.39,Efectivo,José,Norte,Lunes
1827,2026-05-28,15:35,1471,Empanada Pollo,Salado,4,2.44,9.76,SINPE,Carlos,Centro,Domingo
1828,2026-01-09,18:03,1125,Capuchino,Bebidas,3,3.08,9.24,Tarjeta,Carlos,Sur,Lunes
1829,2026-06-09,19:41,1181,Muffin,Repostería,1,2.34,2.34,SINPE,María,Norte,Martes
1830,2026-02-17,16:04,1409,Café,Bebidas,4,1.98,7.92,Tarjeta,Luis,Centro,Sábado
1831,2026-05-22,10:46,1174,Baguette,Pan,3,1.84,5.52,SINPE,Sofía,Sur,Sábado
1832,2026-02-01,09:56,1429,Jugo Natural,Bebidas,5,2.77,13.85,SINPE,Luis,Norte,Sábado
1833,2026-03-25,10:05,1473,Galletas,Repostería,7,3.4,23.8,Efectivo,María,Norte,Sábado
1834,2026-03-25,10:55,1043,Empanada Pollo,Salado,3,2.46,7.38,Efectivo,María,Centro,Sábado
1835,2026-06-06,10:12,1746,Jugo Natural,Bebidas,6,2.76,16.56,Efectivo,José,Centro,Jueves
1836,2026-03-28,10:32,1589,Empanada Pollo,Salado,5,2.48,12.4,SINPE,Sofía,Centro,Domingo
1837,2026-05-23,14:33,1182,Dona,Repostería,2,1.18,2.36,Tarjeta,Carlos,Sur,Martes
1838,2026-03-02,10:43,1654,Empanada Queso,Salado,1,2.34,2.34,Efectivo,Carlos,Centro,Martes
1839,2026-03-07,19:33,1263,Muffin,Repostería,4,2.33,9.32,SINPE,Carlos,Sur,Lunes
1840,2026-01-03,07:45,1614,Empanada Pollo,Salado,4,2.58,10.32,Tarjeta,Sofía,Norte,Sábado
1841,2026-05-07,09:37,1093,Muffin,Repostería,2,2.41,4.82,SINPE,José,Centro,Jueves
1842,2026-03-08,06:56,1416,Dona,Repostería,3,1.19,3.57,Efectivo,José,Centro,Lunes
1843,2026-03-13,07:29,1512,Muffin,Repostería,8,2.46,19.68,Tarjeta,Sofía,Sur,Domingo
1844,2026-02-07,19:01,1030,Café,Bebidas,1,1.9,1.9,SINPE,Ana,Norte,Domingo
1845,2026-05-17,20:00,1250,Empanada Pollo,Salado,2,2.51,5.02,SINPE,María,Norte,Jueves
1846,2026-03-27,15:07,1742,Jugo Natural,Bebidas,8,2.73,21.84,Tarjeta,Ana,Sur,Sábado
1847,2026-03-05,20:03,1078,Dona,Repostería,7,1.18,8.26,Tarjeta,Sofía,Centro,Domingo
1848,2026-03-08,09:25,1542,Baguette,Pan,5,1.73,8.65,Tarjeta,Carlos,Centro,Viernes
1849,2026-06-06,09:38,1616,Croissant,Repostería,7,1.45,10.15,SINPE,Luis,Centro,Martes
1850,2026-04-03,07:16,1037,Empanada Queso,Salado,5,2.26,11.3,SINPE,José,Sur,Miércoles
1851,2026-01-27,11:40,1021,Croissant,Repostería,7,1.57,10.99,Tarjeta,Luis,Norte,Jueves
1852,2026-06-02,14:44,1098,Empanada Pollo,Salado,7,2.62,18.34,Efectivo,José,Centro,Jueves
1853,2026-02-28,06:33,1208,Pan Integral,Pan,1,2.3,2.3,Tarjeta,María,Norte,Viernes
1854,2026-06-15,07:20,1763,Baguette,Pan,1,1.78,1.78,Efectivo,Ana,Centro,Domingo
1855,2026-03-02,19:27,1521,Dona,Repostería,5,1.25,6.25,SINPE,Luis,Norte,Viernes
1856,2026-04-14,18:35,1659,Baguette,Pan,8,1.82,14.56,Efectivo,Sofía,Centro,Viernes
1857,2026-01-04,09:19,1567,Pan Dulce,Pan,5,1.08,5.4,Efectivo,Sofía,Norte,Domingo
1858,2026-04-28,16:58,1563,Dona,Repostería,6,1.18,7.08,SINPE,Sofía,Centro,Jueves
1859,2026-03-20,17:07,1054,Pan Francés,Pan,4,0.44,1.76,Efectivo,José,Norte,Jueves
1860,2026-01-17,11:36,1594,Galletas,Repostería,1,3.54,3.54,SINPE,Ana,Norte,Miércoles
1861,2026-06-15,10:37,1169,Capuchino,Bebidas,3,3.34,10.02,Tarjeta,Sofía,Sur,Viernes
1862,2026-05-26,12:55,1799,Capuchino,Bebidas,7,3.29,23.03,SINPE,Carlos,Sur,Sábado
1863,2026-05-10,08:34,1374,Capuchino,Bebidas,8,3.07,24.56,SINPE,María,Sur,Viernes
1864,2026-01-10,06:49,1512,Dona,Repostería,3,1.18,3.54,Tarjeta,Sofía,Sur,Domingo
1865,2026-02-04,08:53,1799,Pan Dulce,Pan,4,1.15,4.6,Efectivo,Carlos,Centro,Domingo
1866,2026-01-14,15:44,1023,Empanada Pollo,Salado,7,2.52,17.64,SINPE,María,Centro,Jueves
1867,2026-04-01,16:28,1178,Jugo Natural,Bebidas,2,2.79,5.58,SINPE,Luis,Norte,Viernes
1868,2026-02-11,16:42,1616,Galletas,Repostería,4,3.51,14.04,Tarjeta,José,Centro,Viernes
1869,2026-03-27,06:57,1352,Croissant,Repostería,1,1.55,1.55,Tarjeta,José,Centro,Martes
1870,2026-05-26,19:50,1150,Muffin,Repostería,7,2.36,16.52,Tarjeta,Sofía,Norte,Viernes
1871,2026-03-03,18:35,1391,Jugo Natural,Bebidas,3,2.78,8.34,SINPE,María,Norte,Jueves
1872,2026-02-01,14:30,1436,Jugo Natural,Bebidas,2,2.92,5.84,Efectivo,José,Sur,Martes
1873,2026-03-19,11:59,1768,Pan Integral,Pan,4,2.27,9.08,Efectivo,Carlos,Centro,Domingo
1874,2026-02-19,18:49,1318,Queque Chocolate,Pasteles,7,12.05,84.35,SINPE,Carlos,Sur,Lunes
1875,2026-02-16,18:14,1001,Pan Dulce,Pan,1,1.14,1.14,Efectivo,José,Sur,Jueves
1876,2026-04-03,06:07,1781,Capuchino,Bebidas,7,3.33,23.31,Tarjeta,Sofía,Centro,Lunes
1877,2026-03-27,19:54,1026,Baguette,Pan,4,1.86,7.44,Efectivo,Ana,Norte,Viernes
1878,2026-06-20,07:54,1755,Pan Francés,Pan,5,0.43,2.15,Tarjeta,Ana,Norte,Jueves
1879,2026-05-07,19:37,1453,Pan Integral,Pan,3,2.28,6.84,SINPE,María,Sur,Martes
1880,2026-03-09,06:57,1507,Pan Francés,Pan,6,0.44,2.64,Tarjeta,María,Sur,Miércoles
1881,2026-04-05,17:25,1781,Empanada Pollo,Salado,3,2.39,7.17,Tarjeta,José,Centro,Viernes
1882,2026-01-24,19:31,1742,Croissant,Repostería,6,1.43,8.58,SINPE,María,Norte,Lunes
1883,2026-03-01,12:59,1536,Croissant,Repostería,2,1.54,3.08,SINPE,Sofía,Norte,Lunes
1884,2026-02-03,20:08,1321,Dona,Repostería,4,1.16,4.64,Tarjeta,José,Centro,Martes
1885,2026-05-03,13:00,1209,Queque Vainilla,Pasteles,7,9.61,67.27,Efectivo,José,Centro,Lunes
1886,2026-01-08,18:27,1243,Capuchino,Bebidas,3,3.04,9.12,SINPE,José,Norte,Martes
1887,2026-03-13,07:12,1223,Empanada Queso,Salado,8,2.31,18.48,Tarjeta,Ana,Sur,Viernes
1888,2026-01-24,08:55,1592,Queque Chocolate,Pasteles,5,11.72,58.6,Tarjeta,Ana,Centro,Domingo
1889,2026-01-14,10:18,1054,Empanada Pollo,Salado,5,2.5,12.5,Efectivo,María,Centro,Sábado
1890,2026-05-04,20:09,1474,Queque Chocolate,Pasteles,2,11.88,23.76,SINPE,María,Sur,Viernes
1891,2026-02-21,07:56,1503,Croissant,Repostería,3,1.44,4.32,SINPE,Sofía,Centro,Lunes
1892,2026-04-06,15:34,1348,Jugo Natural,Bebidas,4,2.73,10.92,SINPE,María,Sur,Sábado
1893,2026-04-28,19:14,1552,Capuchino,Bebidas,8,3.11,24.88,Efectivo,Ana,Sur,Martes
1894,2026-03-08,15:48,1460,Café,Bebidas,6,1.98,11.88,SINPE,Ana,Norte,Domingo
1895,2026-01-15,13:44,1062,Galletas,Repostería,7,3.47,24.29,Tarjeta,María,Centro,Jueves
1896,2026-01-12,18:00,1385,Café,Bebidas,3,2.07,6.21,SINPE,Luis,Centro,Sábado
1897,2026-06-12,11:43,1163,Pan Dulce,Pan,3,1.06,3.18,Efectivo,María,Sur,Domingo
1898,2026-03-18,13:59,1107,Jugo Natural,Bebidas,6,2.66,15.96,SINPE,Carlos,Norte,Viernes
1899,2026-02-03,15:08,1335,Croissant,Repostería,2,1.5,3.0,SINPE,María,Norte,Domingo
1900,2026-05-25,16:17,1240,Capuchino,Bebidas,1,3.22,3.22,Tarjeta,Sofía,Sur,Viernes
1901,2026-02-02,19:21,1034,Queque Chocolate,Pasteles,1,12.54,12.54,SINPE,José,Sur,Martes
1902,2026-05-23,17:16,1519,Jugo Natural,Bebidas,7,2.93,20.51,Tarjeta,José,Centro,Miércoles
1903,2026-05-17,14:40,1067,Muffin,Repostería,6,2.48,14.88,SINPE,Ana,Norte,Miércoles
1904,2026-01-23,16:28,1093,Empanada Queso,Salado,8,2.41,19.28,Tarjeta,Luis,Centro,Viernes
1905,2026-02-18,18:42,1191,Empanada Pollo,Salado,8,2.47,19.76,Efectivo,Sofía,Norte,Miércoles
1906,2026-01-24,16:42,1472,Empanada Pollo,Salado,2,2.62,5.24,Tarjeta,Sofía,Sur,Jueves
1907,2026-05-14,14:31,1735,Empanada Pollo,Salado,3,2.59,7.77,Efectivo,Luis,Norte,Viernes
1908,2026-06-02,18:41,1544,Capuchino,Bebidas,4,3.2,12.8,Tarjeta,José,Sur,Lunes
1909,2026-02-12,06:44,1275,Empanada Pollo,Salado,3,2.55,7.65,Efectivo,José,Norte,Domingo
1910,2026-03-22,13:36,1039,Empanada Pollo,Salado,7,2.56,17.92,Efectivo,José,Centro,Martes
1911,2026-03-28,11:17,1257,Queque Chocolate,Pasteles,3,12.33,36.99,Efectivo,Sofía,Norte,Jueves
1912,2026-03-27,19:39,1301,Capuchino,Bebidas,7,3.1,21.7,Efectivo,José,Centro,Sábado
1913,2026-02-28,09:34,1586,Croissant,Repostería,5,1.54,7.7,Efectivo,Carlos,Norte,Martes
1914,2026-03-06,14:48,1345,Queque Chocolate,Pasteles,2,12.22,24.44,SINPE,María,Centro,Miércoles
1915,2026-02-13,15:14,1711,Empanada Pollo,Salado,3,2.62,7.86,Efectivo,Carlos,Sur,Viernes
1916,2026-05-04,14:45,1400,Pan Integral,Pan,6,2.11,12.66,Tarjeta,Carlos,Centro,Sábado
1917,2026-05-11,06:39,1328,Empanada Queso,Salado,5,2.4,12.0,Tarjeta,José,Norte,Domingo
1918,2026-03-21,15:07,1691,Queque Chocolate,Pasteles,4,11.41,45.64,SINPE,Sofía,Centro,Domingo
1919,2026-02-02,09:33,1721,Baguette,Pan,8,1.82,14.56,Tarjeta,Sofía,Centro,Miércoles
1920,2026-03-07,12:19,1090,Pan Integral,Pan,1,2.11,2.11,Tarjeta,Carlos,Norte,Lunes
1921,2026-02-24,08:23,1634,Queque Vainilla,Pasteles,6,9.7,58.2,Efectivo,María,Norte,Sábado
1922,2026-04-15,19:20,1046,Pan Dulce,Pan,2,1.07,2.14,Efectivo,Sofía,Norte,Domingo
1923,2026-01-02,18:22,1181,Croissant,Repostería,2,1.47,2.94,Tarjeta,María,Sur,Viernes
1924,2026-05-24,19:08,1775,Baguette,Pan,8,1.81,14.48,Tarjeta,Ana,Norte,Miércoles
1925,2026-05-18,19:49,1356,Croissant,Repostería,4,1.55,6.2,Tarjeta,Luis,Centro,Miércoles
1926,2026-03-28,18:37,1518,Café,Bebidas,7,1.98,13.86,Tarjeta,María,Sur,Jueves
1927,2026-02-16,17:21,1522,Queque Chocolate,Pasteles,5,12.44,62.2,Tarjeta,José,Sur,Miércoles
1928,2026-04-12,18:55,1324,Café,Bebidas,6,2.05,12.3,SINPE,Sofía,Norte,Martes
1929,2026-05-04,07:51,1709,Café,Bebidas,3,1.96,5.88,Tarjeta,Carlos,Centro,Martes
1930,2026-01-05,18:19,1381,Muffin,Repostería,1,2.49,2.49,SINPE,Luis,Sur,Sábado
1931,2026-02-05,16:56,1118,Muffin,Repostería,4,2.3,9.2,Tarjeta,Carlos,Centro,Martes
1932,2026-01-17,09:40,1648,Pan Francés,Pan,6,0.44,2.64,Tarjeta,Sofía,Sur,Martes
1933,2026-03-28,14:33,1631,Jugo Natural,Bebidas,2,2.74,5.48,Tarjeta,María,Sur,Viernes
1934,2026-06-08,12:28,1652,Galletas,Repostería,8,3.38,27.04,Tarjeta,José,Norte,Sábado
1935,2026-02-12,19:32,1756,Empanada Pollo,Salado,3,2.56,7.68,SINPE,Luis,Norte,Miércoles
1936,2026-02-23,14:51,1108,Dona,Repostería,2,1.2,2.4,SINPE,Luis,Centro,Domingo
1937,2026-02-27,16:00,1641,Baguette,Pan,3,1.75,5.25,Tarjeta,Sofía,Centro,Lunes
1938,2026-05-08,12:16,1501,Empanada Pollo,Salado,1,2.6,2.6,Efectivo,Luis,Sur,Viernes
1939,2026-02-25,13:25,1531,Empanada Queso,Salado,6,2.19,13.14,SINPE,Ana,Sur,Jueves
1940,2026-04-15,11:16,1764,Croissant,Repostería,3,1.56,4.68,Tarjeta,Sofía,Sur,Miércoles
1941,2026-05-02,11:09,1633,Empanada Queso,Salado,3,2.27,6.81,Efectivo,Sofía,Sur,Sábado
1942,2026-05-08,17:06,1401,Empanada Queso,Salado,7,2.39,16.73,Efectivo,Sofía,Centro,Sábado
1943,2026-02-03,13:43,1220,Empanada Queso,Salado,2,2.33,4.66,Efectivo,María,Sur,Sábado
1944,2026-01-11,08:11,1158,Dona,Repostería,3,1.25,3.75,SINPE,Sofía,Sur,Martes
1945,2026-01-24,12:51,1334,Galletas,Repostería,7,3.63,25.41,SINPE,Sofía,Centro,Sábado
1946,2026-02-08,20:10,1332,Queque Chocolate,Pasteles,4,12.06,48.24,SINPE,Carlos,Sur,Martes
1947,2026-03-09,12:07,1500,Pan Integral,Pan,4,2.16,8.64,SINPE,José,Norte,Sábado
1948,2026-04-10,09:01,1584,Galletas,Repostería,8,3.4,27.2,Tarjeta,Carlos,Norte,Viernes
1949,2026-06-04,08:57,1457,Pan Integral,Pan,8,2.22,17.76,SINPE,Sofía,Norte,Lunes
1950,2026-02-02,11:15,1682,Croissant,Repostería,3,1.49,4.47,SINPE,María,Sur,Jueves
1951,2026-06-27,11:08,1593,Galletas,Repostería,2,3.4,6.8,SINPE,Sofía,Centro,Martes
1952,2026-01-05,18:23,1406,Croissant,Repostería,1,1.55,1.55,SINPE,José,Centro,Viernes
1953,2026-01-09,18:35,1500,Dona,Repostería,3,1.14,3.42,SINPE,José,Norte,Viernes
1954,2026-02-23,17:46,1721,Café,Bebidas,8,1.97,15.76,Tarjeta,José,Sur,Miércoles
1955,2026-04-02,18:53,1768,Croissant,Repostería,4,1.52,6.08,Efectivo,Luis,Centro,Miércoles
1956,2026-06-03,19:36,1587,Queque Chocolate,Pasteles,4,12.51,50.04,Tarjeta,Ana,Norte,Lunes
1957,2026-06-19,20:59,1095,Queque Vainilla,Pasteles,3,10.45,31.35,Efectivo,Luis,Sur,Viernes
1958,2026-01-10,09:30,1283,Croissant,Repostería,6,1.52,9.12,SINPE,José,Sur,Martes
1959,2026-05-14,13:05,1215,Pan Francés,Pan,4,0.47,1.88,SINPE,Sofía,Norte,Lunes
1960,2026-01-21,08:46,1155,Capuchino,Bebidas,2,3.09,6.18,Efectivo,Luis,Centro,Lunes
1961,2026-06-05,06:07,1620,Pan Dulce,Pan,8,1.09,8.72,SINPE,José,Centro,Lunes
1962,2026-02-06,06:07,1632,Baguette,Pan,7,1.78,12.46,SINPE,Ana,Norte,Martes
1963,2026-05-25,13:59,1254,Galletas,Repostería,6,3.56,21.36,Efectivo,Sofía,Sur,Sábado
1964,2026-02-14,12:21,1213,Dona,Repostería,1,1.18,1.18,SINPE,Ana,Sur,Martes
1965,2026-01-05,18:50,1288,Empanada Queso,Salado,5,2.36,11.8,Efectivo,Ana,Centro,Miércoles
1966,2026-02-11,19:00,1590,Pan Francés,Pan,7,0.46,3.22,SINPE,Carlos,Centro,Martes
1967,2026-01-27,19:37,1198,Capuchino,Bebidas,5,3.16,15.8,SINPE,Carlos,Norte,Sábado
1968,2026-06-21,06:51,1219,Empanada Pollo,Salado,2,2.58,5.16,SINPE,José,Sur,Viernes
1969,2026-05-16,19:01,1794,Queque Vainilla,Pasteles,3,10.28,30.84,Efectivo,Luis,Norte,Lunes
1970,2026-03-18,11:34,1375,Croissant,Repostería,5,1.45,7.25,Tarjeta,Carlos,Centro,Martes
1971,2026-01-24,18:09,1026,Pan Dulce,Pan,1,1.07,1.07,Efectivo,María,Centro,Jueves
1972,2026-04-08,14:31,1284,Baguette,Pan,6,1.82,10.92,Efectivo,Luis,Sur,Viernes
1973,2026-01-14,12:55,1604,Pan Francés,Pan,8,0.46,3.68,Efectivo,María,Centro,Martes
1974,2026-01-11,11:16,1162,Croissant,Repostería,5,1.5,7.5,SINPE,José,Sur,Lunes
1975,2026-01-04,06:39,1371,Dona,Repostería,5,1.14,5.7,Tarjeta,María,Sur,Domingo
1976,2026-03-20,07:23,1453,Jugo Natural,Bebidas,8,2.76,22.08,SINPE,José,Norte,Miércoles
1977,2026-02-09,13:53,1108,Queque Chocolate,Pasteles,7,12.41,86.87,Efectivo,Carlos,Norte,Jueves
1978,2026-01-25,07:51,1526,Pan Francés,Pan,2,0.43,0.86,Efectivo,Ana,Centro,Lunes
1979,2026-01-15,12:17,1781,Pan Integral,Pan,7,2.21,15.47,Efectivo,María,Centro,Jueves
1980,2026-05-04,18:46,1686,Café,Bebidas,1,2.01,2.01,Tarjeta,María,Centro,Martes
1981,2026-01-11,17:03,1474,Capuchino,Bebidas,1,3.32,3.32,Efectivo,Luis,Sur,Lunes
1982,2026-01-15,17:14,1340,Empanada Pollo,Salado,8,2.4,19.2,Efectivo,Ana,Norte,Miércoles
1983,2026-02-26,12:11,1116,Café,Bebidas,5,2.0,10.0,SINPE,Luis,Centro,Lunes
1984,2026-05-28,14:43,1363,Capuchino,Bebidas,7,3.1,21.7,Tarjeta,María,Sur,Jueves
1985,2026-02-04,14:00,1341,Capuchino,Bebidas,5,3.2,16.0,Efectivo,José,Centro,Viernes
1986,2026-04-09,19:27,1403,Empanada Pollo,Salado,3,2.58,7.74,Tarjeta,Luis,Centro,Miércoles
1987,2026-02-23,19:30,1019,Capuchino,Bebidas,2,3.21,6.42,Efectivo,Ana,Norte,Jueves
1988,2026-03-21,15:01,1773,Empanada Pollo,Salado,7,2.4,16.8,Efectivo,Ana,Centro,Jueves
1989,2026-01-09,06:01,1766,Capuchino,Bebidas,8,3.25,26.0,SINPE,Carlos,Sur,Martes
1990,2026-05-25,17:54,1724,Café,Bebidas,2,2.06,4.12,SINPE,José,Norte,Viernes
1991,2026-06-03,11:50,1176,Pan Francés,Pan,6,0.44,2.64,Efectivo,Carlos,Sur,Viernes
1992,2026-03-21,19:38,1508,Café,Bebidas,1,2.06,2.06,Tarjeta,Sofía,Sur,Jueves
1993,2026-02-15,15:28,1701,Jugo Natural,Bebidas,4,2.84,11.36,Efectivo,María,Norte,Viernes
1994,2026-04-04,08:13,1496,Café,Bebidas,5,1.92,9.6,Tarjeta,Ana,Norte,Jueves
1995,2026-02-25,11:27,1187,Capuchino,Bebidas,5,3.12,15.6,Efectivo,José,Sur,Viernes
1996,2026-01-20,13:51,1015,Jugo Natural,Bebidas,5,2.82,14.1,Efectivo,José,Norte,Martes
1997,2026-06-05,06:13,1478,Muffin,Repostería,7,2.48,17.36,Efectivo,Sofía,Norte,Domingo
1998,2026-04-02,19:10,1676,Muffin,Repostería,3,2.31,6.93,SINPE,José,Centro,Sábado
1999,2026-05-26,07:15,1378,Pan Integral,Pan,5,2.11,10.55,SINPE,José,Sur,Viernes
2000,2026-01-03,13:01,1748,Café,Bebidas,8,2.08,16.64,SINPE,Sofía,Sur,Viernes
2001,2026-01-18,20:25,1266,Queque Chocolate,Pasteles,1,12.38,12.38,Tarjeta,Sofía,Centro,Martes
2002,2026-03-17,14:47,1238,Pan Integral,Pan,2,2.19,4.38,SINPE,María,Sur,Miércoles
2003,2026-01-26,06:16,1553,Empanada Queso,Salado,1,2.31,2.31,Efectivo,María,Norte,Miércoles
2004,2026-02-27,09:24,1576,Empanada Queso,Salado,2,2.38,4.76,Efectivo,Carlos,Sur,Jueves
2005,2026-05-16,16:52,1604,Baguette,Pan,2,1.88,3.76,Tarjeta,Luis,Sur,Sábado
2006,2026-04-19,16:59,1488,Empanada Pollo,Salado,3,2.49,7.47,SINPE,José,Centro,Miércoles
2007,2026-01-09,20:50,1090,Pan Francés,Pan,6,0.44,2.64,SINPE,María,Centro,Miércoles
2008,2026-05-21,09:11,1499,Empanada Pollo,Salado,1,2.5,2.5,Tarjeta,José,Sur,Viernes
2009,2026-04-12,07:49,1471,Café,Bebidas,4,1.97,7.88,SINPE,José,Sur,Sábado
2010,2026-01-20,20:26,1718,Empanada Pollo,Salado,3,2.45,7.35,SINPE,Carlos,Sur,Jueves
2011,2026-05-14,06:17,1463,Empanada Pollo,Salado,4,2.56,10.24,SINPE,Carlos,Centro,Lunes
2012,2026-03-04,12:09,1163,Empanada Queso,Salado,1,2.22,2.22,Tarjeta,Sofía,Centro,Domingo
2013,2026-05-05,06:32,1587,Jugo Natural,Bebidas,7,2.74,19.18,Efectivo,Carlos,Sur,Jueves
2014,2026-04-05,10:25,1491,Café,Bebidas,4,2.02,8.08,Efectivo,Sofía,Norte,Viernes
2015,2026-05-27,07:05,1307,Capuchino,Bebidas,2,3.18,6.36,Efectivo,Luis,Centro,Viernes
2016,2026-05-21,19:10,1209,Muffin,Repostería,4,2.37,9.48,SINPE,María,Centro,Martes
2017,2026-01-11,08:15,1044,Dona,Repostería,8,1.23,9.84,Tarjeta,Carlos,Sur,Viernes
2018,2026-06-01,20:10,1368,Baguette,Pan,7,1.77,12.39,Tarjeta,Carlos,Norte,Martes
2019,2026-04-11,16:02,1197,Queque Chocolate,Pasteles,2,12.14,24.28,SINPE,Carlos,Norte,Lunes
2020,2026-01-16,18:47,1495,Pan Integral,Pan,7,2.18,15.26,SINPE,Ana,Sur,Martes
2021,2026-05-25,14:40,1042,Galletas,Repostería,5,3.53,17.65,SINPE,Sofía,Sur,Lunes
2022,2026-05-05,07:17,1081,Pan Dulce,Pan,7,1.1,7.7,Tarjeta,Carlos,Norte,Viernes
2023,2026-03-20,08:58,1403,Pan Dulce,Pan,2,1.13,2.26,SINPE,María,Norte,Viernes
2024,2026-05-13,17:39,1562,Empanada Pollo,Salado,4,2.55,10.2,Tarjeta,Carlos,Sur,Jueves
2025,2026-01-11,11:37,1267,Capuchino,Bebidas,5,3.26,16.3,Tarjeta,José,Centro,Lunes
2026,2026-06-06,06:54,1703,Baguette,Pan,3,1.84,5.52,Tarjeta,Carlos,Centro,Sábado
2027,2026-01-12,07:04,1485,Muffin,Repostería,7,2.49,17.43,Efectivo,María,Sur,Sábado
2028,2026-05-25,18:35,1404,Pan Francés,Pan,4,0.46,1.84,Efectivo,María,Norte,Martes
2029,2026-05-09,11:23,1613,Empanada Pollo,Salado,3,2.4,7.2,Efectivo,María,Norte,Lunes
2030,2026-06-19,10:51,1139,Pan Francés,Pan,1,0.45,0.45,Tarjeta,Sofía,Sur,Miércoles
2031,2026-04-13,16:55,1280,Croissant,Repostería,1,1.47,1.47,SINPE,Sofía,Sur,Jueves
2032,2026-03-26,12:16,1165,Empanada Pollo,Salado,8,2.48,19.84,Efectivo,Carlos,Norte,Jueves
2033,2026-04-11,14:57,1029,Pan Dulce,Pan,6,1.1,6.6,SINPE,María,Norte,Domingo
2034,2026-05-26,15:01,1435,Queque Vainilla,Pasteles,4,9.69,38.76,Efectivo,Luis,Norte,Miércoles
2035,2026-02-28,16:11,1788,Pan Integral,Pan,7,2.28,15.96,Tarjeta,Carlos,Sur,Miércoles
2036,2026-03-20,15:22,1234,Pan Francés,Pan,2,0.45,0.9,Efectivo,Ana,Sur,Sábado
2037,2026-01-06,08:18,1185,Empanada Pollo,Salado,3,2.59,7.77,Tarjeta,María,Norte,Sábado
2038,2026-02-25,11:39,1068,Jugo Natural,Bebidas,8,2.75,22.0,Tarjeta,Ana,Centro,Lunes
2039,2026-01-03,11:58,1515,Croissant,Repostería,5,1.53,7.65,Tarjeta,Sofía,Sur,Sábado
2040,2026-05-01,07:30,1602,Empanada Pollo,Salado,1,2.38,2.38,SINPE,María,Norte,Sábado
2041,2026-01-06,15:38,1366,Empanada Queso,Salado,3,2.23,6.69,Tarjeta,Ana,Norte,Jueves
2042,2026-02-21,18:27,1077,Croissant,Repostería,7,1.54,10.78,Efectivo,José,Centro,Martes
2043,2026-02-24,18:56,1490,Pan Francés,Pan,4,0.45,1.8,Tarjeta,Luis,Norte,Miércoles
2044,2026-05-02,13:35,1358,Galletas,Repostería,7,3.63,25.41,SINPE,Luis,Norte,Miércoles
2045,2026-01-22,14:44,1769,Café,Bebidas,3,1.96,5.88,Efectivo,Sofía,Norte,Miércoles
2046,2026-06-14,10:19,1668,Queque Vainilla,Pasteles,5,9.55,47.75,Tarjeta,Carlos,Sur,Jueves
2047,2026-01-04,08:12,1157,Queque Vainilla,Pasteles,3,10.37,31.11,SINPE,María,Norte,Domingo
2048,2026-05-24,19:05,1461,Café,Bebidas,8,2.04,16.32,Tarjeta,María,Centro,Martes
2049,2026-06-24,08:31,1173,Jugo Natural,Bebidas,5,2.84,14.2,Efectivo,Luis,Sur,Viernes
2050,2026-04-12,17:00,1670,Empanada Pollo,Salado,3,2.58,7.74,SINPE,Ana,Centro,Viernes
2051,2026-01-09,11:45,1650,Pan Integral,Pan,7,2.3,16.1,Efectivo,Ana,Norte,Viernes
2052,2026-05-17,19:09,1273,Pan Integral,Pan,4,2.16,8.64,SINPE,Luis,Norte,Domingo
2053,2026-06-26,16:47,1106,Dona,Repostería,5,1.14,5.7,SINPE,Ana,Sur,Domingo
2054,2026-03-17,20:04,1435,Empanada Pollo,Salado,8,2.49,19.92,Tarjeta,Luis,Norte,Miércoles
2055,2026-04-02,19:34,1215,Queque Chocolate,Pasteles,6,11.71,70.26,SINPE,Carlos,Sur,Lunes
2056,2026-05-04,06:41,1702,Empanada Queso,Salado,4,2.29,9.16,SINPE,José,Sur,Miércoles
2057,2026-04-17,14:42,1261,Dona,Repostería,2,1.16,2.32,SINPE,José,Norte,Domingo
2058,2026-05-17,18:09,1782,Capuchino,Bebidas,7,3.36,23.52,SINPE,Sofía,Centro,Miércoles
2059,2026-02-27,13:06,1280,Queque Vainilla,Pasteles,8,10.08,80.64,Tarjeta,José,Centro,Miércoles
2060,2026-01-28,17:38,1553,Empanada Pollo,Salado,4,2.38,9.52,SINPE,María,Sur,Miércoles
2061,2026-02-27,14:41,1231,Croissant,Repostería,5,1.44,7.2,SINPE,María,Centro,Viernes
2062,2026-01-05,07:41,1675,Dona,Repostería,4,1.21,4.84,SINPE,María,Centro,Jueves
2063,2026-05-07,08:33,1527,Muffin,Repostería,3,2.51,7.53,Efectivo,José,Sur,Viernes
2064,2026-01-02,19:07,1015,Muffin,Repostería,4,2.32,9.28,Efectivo,Luis,Centro,Lunes
2065,2026-04-15,12:24,1117,Pan Francés,Pan,2,0.46,0.92,Efectivo,Ana,Sur,Domingo
2066,2026-01-01,14:05,1302,Jugo Natural,Bebidas,8,2.86,22.88,Efectivo,Carlos,Norte,Domingo
2067,2026-06-08,20:35,1296,Baguette,Pan,5,1.72,8.6,Tarjeta,José,Centro,Sábado
2068,2026-03-14,18:48,1784,Baguette,Pan,1,1.85,1.85,SINPE,José,Centro,Martes
2069,2026-05-11,19:43,1100,Queque Vainilla,Pasteles,5,9.91,49.55,Efectivo,Ana,Centro,Sábado
2070,2026-04-06,06:23,1285,Pan Integral,Pan,1,2.19,2.19,Tarjeta,José,Sur,Jueves
2071,2026-06-02,12:27,1684,Empanada Queso,Salado,2,2.26,4.52,Tarjeta,María,Norte,Lunes
2072,2026-04-12,10:55,1088,Baguette,Pan,1,1.87,1.87,SINPE,Ana,Sur,Domingo
2073,2026-01-26,13:34,1331,Muffin,Repostería,4,2.52,10.08,Efectivo,María,Sur,Domingo
2074,2026-04-02,14:39,1015,Muffin,Repostería,5,2.47,12.35,Tarjeta,Sofía,Centro,Jueves
2075,2026-02-13,14:46,1581,Empanada Pollo,Salado,4,2.45,9.8,SINPE,Sofía,Norte,Martes
2076,2026-05-08,14:27,1571,Empanada Pollo,Salado,8,2.57,20.56,SINPE,Sofía,Sur,Viernes
2077,2026-06-22,16:31,1800,Baguette,Pan,8,1.81,14.48,SINPE,Ana,Norte,Lunes
2078,2026-04-28,07:36,1465,Queque Vainilla,Pasteles,7,9.68,67.76,Tarjeta,Ana,Sur,Viernes
2079,2026-01-05,12:56,1718,Dona,Repostería,3,1.14,3.42,Tarjeta,María,Sur,Viernes
2080,2026-03-03,14:54,1005,Capuchino,Bebidas,3,3.16,9.48,SINPE,Carlos,Centro,Lunes
2081,2026-05-11,07:29,1498,Pan Integral,Pan,8,2.17,17.36,Tarjeta,Carlos,Sur,Lunes
2082,2026-04-20,08:50,1076,Jugo Natural,Bebidas,3,2.8,8.4,Efectivo,Sofía,Sur,Domingo
2083,2026-05-23,15:25,1141,Pan Dulce,Pan,3,1.08,3.24,Tarjeta,Carlos,Centro,Martes
2084,2026-05-03,13:03,1724,Croissant,Repostería,8,1.48,11.84,Tarjeta,José,Sur,Miércoles
2085,2026-05-12,16:18,1381,Queque Chocolate,Pasteles,3,11.53,34.59,Tarjeta,Ana,Norte,Jueves
2086,2026-05-05,08:54,1375,Pan Integral,Pan,3,2.09,6.27,Tarjeta,Ana,Sur,Viernes
2087,2026-04-08,20:45,1350,Pan Francés,Pan,1,0.43,0.43,Tarjeta,Carlos,Centro,Jueves
2088,2026-03-28,19:30,1181,Croissant,Repostería,4,1.55,6.2,SINPE,Luis,Sur,Viernes
2089,2026-01-16,14:41,1529,Queque Vainilla,Pasteles,5,9.51,47.55,Efectivo,Luis,Sur,Miércoles
2090,2026-02-14,07:24,1555,Galletas,Repostería,8,3.41,27.28,Tarjeta,Ana,Norte,Lunes
2091,2026-06-23,18:03,1093,Pan Francés,Pan,6,0.47,2.82,Efectivo,Sofía,Norte,Lunes
2092,2026-01-27,16:05,1322,Capuchino,Bebidas,3,3.31,9.93,Efectivo,María,Centro,Sábado
2093,2026-02-27,19:50,1451,Muffin,Repostería,1,2.46,2.46,Efectivo,Sofía,Centro,Martes
2094,2026-04-19,11:43,1015,Pan Francés,Pan,1,0.45,0.45,Efectivo,María,Norte,Sábado
2095,2026-05-26,10:35,1728,Pan Dulce,Pan,2,1.14,2.28,Tarjeta,José,Norte,Martes
2096,2026-05-15,12:37,1568,Pan Integral,Pan,3,2.27,6.81,SINPE,Luis,Norte,Miércoles
2097,2026-04-25,07:26,1750,Croissant,Repostería,5,1.47,7.35,Efectivo,Sofía,Sur,Viernes
2098,2026-02-26,10:51,1551,Muffin,Repostería,3,2.51,7.53,Efectivo,Luis,Sur,Domingo
2099,2026-01-05,11:49,1574,Baguette,Pan,1,1.76,1.76,SINPE,Sofía,Norte,Martes
2100,2026-03-07,20:50,1745,Jugo Natural,Bebidas,3,2.68,8.04,Tarjeta,María,Norte,Viernes
2101,2026-02-14,14:03,1415,Pan Integral,Pan,4,2.16,8.64,Tarjeta,Sofía,Norte,Lunes
2102,2026-05-18,09:45,1257,Galletas,Repostería,7,3.48,24.36,Tarjeta,Sofía,Sur,Martes
2103,2026-03-26,09:24,1645,Café,Bebidas,5,2.09,10.45,Tarjeta,María,Centro,Viernes
2104,2026-04-27,13:59,1283,Pan Francés,Pan,6,0.44,2.64,SINPE,Ana,Norte,Miércoles
2105,2026-03-13,08:13,1578,Empanada Queso,Salado,6,2.27,13.62,Efectivo,José,Centro,Viernes
2106,2026-03-04,06:31,1644,Pan Francés,Pan,6,0.47,2.82,SINPE,Carlos,Sur,Lunes
2107,2026-01-03,07:29,1797,Jugo Natural,Bebidas,2,2.91,5.82,SINPE,María,Centro,Viernes
2108,2026-03-23,13:43,1398,Jugo Natural,Bebidas,1,2.7,2.7,Efectivo,José,Sur,Martes
2109,2026-05-12,20:14,1322,Croissant,Repostería,1,1.49,1.49,Tarjeta,José,Centro,Sábado
2110,2026-06-05,08:28,1321,Croissant,Repostería,1,1.56,1.56,SINPE,Carlos,Centro,Lunes
2111,2026-06-02,07:20,1113,Croissant,Repostería,7,1.54,10.78,Tarjeta,Luis,Sur,Martes
2112,2026-06-22,16:37,1265,Muffin,Repostería,6,2.51,15.06,Tarjeta,José,Sur,Miércoles
2113,2026-04-04,18:28,1721,Pan Francés,Pan,8,0.44,3.52,Efectivo,Luis,Norte,Viernes
2114,2026-06-24,15:43,1374,Café,Bebidas,1,2.09,2.09,SINPE,Ana,Centro,Sábado
2115,2026-04-10,16:39,1221,Pan Integral,Pan,2,2.1,4.2,Tarjeta,José,Centro,Martes
2116,2026-03-05,06:56,1219,Galletas,Repostería,2,3.33,6.66,Tarjeta,Ana,Sur,Viernes
2117,2026-05-10,16:39,1096,Galletas,Repostería,5,3.35,16.75,Efectivo,José,Norte,Viernes
2118,2026-03-12,18:48,1249,Capuchino,Bebidas,3,3.35,10.05,Tarjeta,José,Sur,Miércoles
2119,2026-01-02,06:26,1498,Croissant,Repostería,1,1.48,1.48,SINPE,Sofía,Centro,Sábado
2120,2026-05-02,07:34,1396,Pan Francés,Pan,7,0.45,3.15,SINPE,María,Norte,Miércoles
2121,2026-05-09,17:43,1128,Pan Francés,Pan,4,0.47,1.88,SINPE,Luis,Sur,Martes
2122,2026-06-12,19:14,1021,Capuchino,Bebidas,5,3.14,15.7,Efectivo,María,Norte,Jueves
2123,2026-01-07,08:40,1356,Empanada Pollo,Salado,3,2.46,7.38,Efectivo,Ana,Norte,Martes
2124,2026-04-06,10:06,1470,Empanada Pollo,Salado,6,2.44,14.64,SINPE,Carlos,Centro,Viernes
2125,2026-05-23,18:09,1224,Pan Francés,Pan,3,0.46,1.38,Efectivo,Carlos,Norte,Domingo
2126,2026-01-19,06:41,1431,Baguette,Pan,2,1.71,3.42,SINPE,Ana,Norte,Martes
2127,2026-02-01,08:56,1119,Pan Francés,Pan,7,0.45,3.15,Efectivo,María,Norte,Jueves
2128,2026-01-10,20:43,1342,Dona,Repostería,3,1.21,3.63,Tarjeta,Carlos,Sur,Viernes
2129,2026-05-28,08:05,1175,Pan Integral,Pan,8,2.16,17.28,SINPE,José,Sur,Domingo
2130,2026-01-08,19:15,1429,Empanada Pollo,Salado,5,2.42,12.1,SINPE,Luis,Centro,Sábado
2131,2026-05-06,07:16,1473,Croissant,Repostería,8,1.48,11.84,Tarjeta,Ana,Sur,Viernes
2132,2026-01-03,18:22,1165,Croissant,Repostería,1,1.56,1.56,Efectivo,José,Sur,Lunes
2133,2026-02-04,16:50,1622,Croissant,Repostería,4,1.49,5.96,SINPE,José,Centro,Lunes
2134,2026-04-24,06:43,1374,Queque Vainilla,Pasteles,2,10.02,20.04,SINPE,Ana,Norte,Lunes
2135,2026-02-18,11:21,1563,Pan Integral,Pan,2,2.2,4.4,SINPE,Ana,Sur,Viernes
2136,2026-04-23,13:10,1720,Muffin,Repostería,6,2.42,14.52,SINPE,Ana,Norte,Viernes
2137,2026-03-08,13:34,1783,Café,Bebidas,1,2.04,2.04,SINPE,Sofía,Centro,Lunes
2138,2026-02-17,20:37,1491,Café,Bebidas,7,2.02,14.14,Efectivo,Sofía,Norte,Miércoles
2139,2026-06-04,14:08,1172,Muffin,Repostería,5,2.49,12.45,SINPE,María,Centro,Lunes
2140,2026-05-10,14:08,1640,Pan Francés,Pan,3,0.45,1.35,Efectivo,Luis,Sur,Martes
2141,2026-03-16,10:41,1216,Pan Francés,Pan,5,0.43,2.15,SINPE,Luis,Sur,Domingo
2142,2026-03-19,15:45,1200,Café,Bebidas,2,1.91,3.82,SINPE,Ana,Sur,Martes
2143,2026-06-07,06:17,1731,Galletas,Repostería,1,3.37,3.37,SINPE,Luis,Centro,Domingo
2144,2026-04-12,19:59,1130,Croissant,Repostería,3,1.53,4.59,SINPE,Ana,Centro,Miércoles
2145,2026-02-17,07:26,1343,Galletas,Repostería,4,3.34,13.36,Efectivo,María,Norte,Jueves
2146,2026-01-12,17:50,1609,Dona,Repostería,1,1.22,1.22,Efectivo,María,Norte,Jueves
2147,2026-01-20,14:14,1135,Queque Vainilla,Pasteles,7,10.4,72.8,Efectivo,José,Centro,Sábado
2148,2026-06-24,07:30,1305,Croissant,Repostería,2,1.49,2.98,Tarjeta,Sofía,Centro,Domingo
2149,2026-01-09,09:53,1759,Croissant,Repostería,4,1.44,5.76,SINPE,Carlos,Centro,Viernes
2150,2026-05-03,18:55,1207,Empanada Pollo,Salado,7,2.42,16.94,Efectivo,María,Norte,Lunes
2151,2026-05-12,19:26,1402,Café,Bebidas,1,1.97,1.97,Tarjeta,Ana,Norte,Martes
2152,2026-01-19,14:51,1403,Galletas,Repostería,7,3.65,25.55,Tarjeta,Carlos,Centro,Miércoles
2153,2026-03-10,16:02,1451,Capuchino,Bebidas,5,3.29,16.45,Tarjeta,María,Centro,Sábado
2154,2026-05-14,11:00,1309,Queque Chocolate,Pasteles,4,12.26,49.04,SINPE,Sofía,Norte,Martes
2155,2026-02-13,08:27,1120,Empanada Queso,Salado,4,2.21,8.84,Efectivo,Carlos,Centro,Miércoles
2156,2026-06-11,16:35,1712,Dona,Repostería,7,1.22,8.54,Tarjeta,Carlos,Sur,Martes
2157,2026-04-20,16:39,1100,Baguette,Pan,1,1.81,1.81,SINPE,Sofía,Norte,Martes
2158,2026-06-03,16:38,1584,Jugo Natural,Bebidas,4,2.86,11.44,SINPE,María,Norte,Martes
2159,2026-02-24,10:29,1191,Dona,Repostería,6,1.24,7.44,Tarjeta,José,Centro,Miércoles
2160,2026-03-07,19:02,1706,Café,Bebidas,4,1.94,7.76,Efectivo,Ana,Centro,Sábado
2161,2026-05-16,12:01,1382,Pan Dulce,Pan,6,1.14,6.84,SINPE,Carlos,Norte,Domingo
2162,2026-05-22,10:31,1338,Empanada Queso,Salado,7,2.4,16.8,Tarjeta,María,Sur,Sábado
2163,2026-06-11,09:23,1245,Muffin,Repostería,5,2.45,12.25,Tarjeta,Carlos,Sur,Jueves
2164,2026-06-20,18:32,1391,Pan Dulce,Pan,5,1.09,5.45,Efectivo,María,Centro,Miércoles
2165,2026-03-12,06:34,1714,Croissant,Repostería,2,1.45,2.9,Efectivo,Sofía,Norte,Domingo
2166,2026-03-06,18:25,1610,Muffin,Repostería,5,2.4,12.0,Efectivo,Carlos,Norte,Viernes
2167,2026-04-06,07:54,1245,Empanada Pollo,Salado,7,2.45,17.15,Efectivo,María,Norte,Martes
2168,2026-05-04,10:11,1394,Dona,Repostería,6,1.23,7.38,Efectivo,Carlos,Centro,Sábado
2169,2026-02-14,19:07,1308,Queque Chocolate,Pasteles,4,11.7,46.8,Tarjeta,Carlos,Centro,Sábado
2170,2026-04-08,16:49,1468,Pan Integral,Pan,1,2.19,2.19,Efectivo,Ana,Sur,Lunes
2171,2026-05-27,11:58,1171,Pan Francés,Pan,2,0.45,0.9,Efectivo,Ana,Centro,Miércoles
2172,2026-05-09,11:10,1214,Galletas,Repostería,8,3.36,26.88,Tarjeta,José,Norte,Sábado
2173,2026-05-26,13:16,1273,Muffin,Repostería,3,2.38,7.14,SINPE,José,Sur,Jueves
2174,2026-06-06,19:41,1692,Pan Francés,Pan,2,0.45,0.9,Efectivo,José,Sur,Jueves
2175,2026-02-08,20:28,1473,Pan Integral,Pan,6,2.28,13.68,Tarjeta,Luis,Sur,Jueves
2176,2026-02-15,06:07,1285,Empanada Pollo,Salado,6,2.48,14.88,Efectivo,José,Centro,Domingo
2177,2026-04-18,07:01,1376,Jugo Natural,Bebidas,6,2.89,17.34,Tarjeta,José,Sur,Sábado
2178,2026-02-16,19:43,1182,Pan Francés,Pan,1,0.43,0.43,SINPE,Luis,Centro,Miércoles
2179,2026-02-04,12:01,1618,Croissant,Repostería,6,1.49,8.94,Tarjeta,Luis,Sur,Sábado
2180,2026-02-25,12:33,1642,Pan Integral,Pan,2,2.26,4.52,SINPE,Ana,Norte,Martes
2181,2026-02-13,15:22,1359,Muffin,Repostería,1,2.33,2.33,SINPE,Luis,Sur,Domingo
2182,2026-01-20,16:11,1589,Empanada Pollo,Salado,3,2.6,7.8,SINPE,José,Norte,Domingo
2183,2026-03-20,11:52,1675,Dona,Repostería,6,1.16,6.96,SINPE,Luis,Centro,Martes
2184,2026-04-08,17:39,1194,Croissant,Repostería,3,1.52,4.56,SINPE,Sofía,Sur,Martes
2185,2026-04-23,17:53,1800,Pan Francés,Pan,5,0.44,2.2,Efectivo,Carlos,Centro,Martes
2186,2026-05-12,06:30,1406,Dona,Repostería,7,1.19,8.33,Efectivo,Ana,Sur,Jueves
2187,2026-04-26,07:48,1517,Pan Francés,Pan,3,0.45,1.35,Efectivo,Luis,Norte,Lunes
2188,2026-02-13,07:22,1660,Baguette,Pan,1,1.8,1.8,SINPE,Luis,Sur,Sábado
2189,2026-04-22,18:53,1645,Café,Bebidas,3,2.04,6.12,Tarjeta,José,Norte,Viernes
2190,2026-04-07,11:28,1771,Pan Dulce,Pan,5,1.13,5.65,Tarjeta,Luis,Centro,Martes
2191,2026-02-23,14:01,1649,Dona,Repostería,3,1.16,3.48,Efectivo,Sofía,Norte,Miércoles
2192,2026-06-28,17:36,1157,Croissant,Repostería,6,1.51,9.06,SINPE,José,Sur,Sábado
2193,2026-03-13,06:24,1187,Pan Dulce,Pan,3,1.06,3.18,SINPE,Carlos,Centro,Miércoles
2194,2026-02-27,20:40,1739,Jugo Natural,Bebidas,1,2.91,2.91,Tarjeta,Luis,Centro,Domingo
2195,2026-03-13,16:50,1503,Jugo Natural,Bebidas,2,2.81,5.62,Tarjeta,Ana,Centro,Lunes
2196,2026-05-10,18:07,1668,Empanada Queso,Salado,6,2.24,13.44,SINPE,Carlos,Centro,Lunes
2197,2026-04-06,12:42,1058,Muffin,Repostería,2,2.33,4.66,SINPE,Carlos,Sur,Jueves
2198,2026-04-03,11:46,1283,Dona,Repostería,8,1.22,9.76,Tarjeta,Ana,Norte,Miércoles
2199,2026-06-22,07:23,1088,Queque Chocolate,Pasteles,2,12.36,24.72,Tarjeta,José,Norte,Lunes
2200,2026-03-01,15:59,1686,Baguette,Pan,6,1.77,10.62,Efectivo,Sofía,Sur,Jueves
2201,2026-04-18,13:22,1189,Capuchino,Bebidas,4,3.23,12.92,Efectivo,María,Centro,Domingo
2202,2026-04-06,16:00,1072,Croissant,Repostería,1,1.46,1.46,SINPE,José,Norte,Lunes
2203,2026-01-07,15:15,1769,Croissant,Repostería,2,1.45,2.9,SINPE,María,Sur,Jueves
2204,2026-05-17,13:13,1075,Empanada Queso,Salado,8,2.28,18.24,Efectivo,María,Norte,Jueves
2205,2026-02-05,13:41,1398,Dona,Repostería,2,1.24,2.48,SINPE,Ana,Norte,Miércoles
2206,2026-04-12,09:53,1652,Galletas,Repostería,8,3.55,28.4,Efectivo,José,Sur,Viernes
2207,2026-05-03,16:49,1391,Muffin,Repostería,5,2.33,11.65,Tarjeta,Carlos,Centro,Lunes
2208,2026-01-05,06:10,1123,Café,Bebidas,6,1.94,11.64,SINPE,Ana,Norte,Domingo
2209,2026-04-09,10:36,1655,Pan Francés,Pan,6,0.45,2.7,Tarjeta,Carlos,Norte,Lunes
2210,2026-04-18,13:25,1313,Galletas,Repostería,1,3.33,3.33,Tarjeta,Sofía,Sur,Domingo
2211,2026-05-15,15:28,1316,Empanada Pollo,Salado,8,2.48,19.84,Efectivo,María,Centro,Jueves
2212,2026-01-09,19:21,1033,Muffin,Repostería,6,2.38,14.28,Efectivo,María,Centro,Miércoles
2213,2026-01-19,17:24,1278,Queque Vainilla,Pasteles,4,9.97,39.88,SINPE,María,Sur,Martes
2214,2026-06-19,16:22,1140,Empanada Queso,Salado,8,2.2,17.6,SINPE,José,Norte,Martes
2215,2026-03-19,13:46,1008,Queque Vainilla,Pasteles,4,9.55,38.2,Efectivo,Carlos,Norte,Lunes
2216,2026-06-07,12:19,1240,Croissant,Repostería,3,1.49,4.47,Efectivo,Carlos,Sur,Miércoles
2217,2026-03-10,12:42,1445,Muffin,Repostería,6,2.43,14.58,Efectivo,Carlos,Norte,Domingo
2218,2026-03-23,10:50,1074,Queque Chocolate,Pasteles,5,12.29,61.45,Tarjeta,Sofía,Centro,Jueves
2219,2026-02-27,17:54,1264,Capuchino,Bebidas,4,3.28,13.12,Tarjeta,Sofía,Norte,Miércoles
2220,2026-03-01,14:48,1692,Dona,Repostería,5,1.25,6.25,SINPE,José,Sur,Martes
2221,2026-03-17,12:08,1619,Croissant,Repostería,4,1.43,5.72,SINPE,María,Sur,Martes
2222,2026-02-04,06:57,1778,Capuchino,Bebidas,5,3.07,15.35,SINPE,María,Centro,Lunes
2223,2026-04-25,06:30,1334,Galletas,Repostería,3,3.37,10.11,Tarjeta,Sofía,Norte,Martes
2224,2026-04-26,15:08,1796,Queque Chocolate,Pasteles,7,11.84,82.88,Efectivo,Ana,Centro,Lunes
2225,2026-04-28,10:24,1065,Pan Francés,Pan,5,0.44,2.2,Efectivo,José,Sur,Martes
2226,2026-02-24,19:22,1109,Capuchino,Bebidas,1,3.3,3.3,Efectivo,Ana,Centro,Sábado
2227,2026-04-28,11:33,1723,Pan Dulce,Pan,8,1.08,8.64,SINPE,María,Centro,Miércoles
2228,2026-04-01,14:27,1080,Capuchino,Bebidas,6,3.24,19.44,SINPE,Sofía,Centro,Lunes
2229,2026-02-09,17:20,1406,Queque Chocolate,Pasteles,6,12.06,72.36,Tarjeta,Luis,Centro,Lunes
2230,2026-02-10,20:11,1195,Dona,Repostería,6,1.15,6.9,Tarjeta,Luis,Sur,Sábado
2231,2026-02-10,13:18,1187,Croissant,Repostería,1,1.55,1.55,Tarjeta,María,Centro,Sábado
2232,2026-06-15,17:37,1425,Baguette,Pan,1,1.76,1.76,SINPE,José,Sur,Sábado
2233,2026-05-27,06:02,1565,Pan Integral,Pan,7,2.26,15.82,SINPE,Carlos,Sur,Sábado
2234,2026-03-13,18:37,1051,Muffin,Repostería,3,2.42,7.26,Efectivo,José,Centro,Sábado
2235,2026-03-03,13:16,1192,Jugo Natural,Bebidas,8,2.78,22.24,Efectivo,Carlos,Centro,Domingo
2236,2026-05-26,18:53,1375,Queque Vainilla,Pasteles,1,9.66,9.66,Efectivo,Luis,Centro,Domingo
2237,2026-03-06,13:48,1344,Café,Bebidas,5,1.98,9.9,SINPE,Luis,Centro,Martes
2238,2026-02-01,08:01,1137,Croissant,Repostería,3,1.52,4.56,Tarjeta,María,Sur,Lunes
2239,2026-02-01,09:12,1259,Dona,Repostería,4,1.25,5.0,Tarjeta,María,Norte,Lunes
2240,2026-04-26,13:23,1010,Galletas,Repostería,2,3.56,7.12,Tarjeta,María,Centro,Domingo
2241,2026-03-08,20:47,1058,Empanada Queso,Salado,6,2.36,14.16,Efectivo,Carlos,Sur,Miércoles
2242,2026-02-08,17:37,1569,Dona,Repostería,1,1.15,1.15,Tarjeta,María,Centro,Martes
2243,2026-02-02,08:34,1303,Pan Francés,Pan,4,0.44,1.76,Tarjeta,Ana,Sur,Domingo
2244,2026-06-06,08:42,1135,Galletas,Repostería,1,3.36,3.36,Tarjeta,Ana,Norte,Lunes
2245,2026-03-22,20:34,1473,Empanada Queso,Salado,7,2.4,16.8,SINPE,Ana,Norte,Sábado
2246,2026-03-14,07:39,1615,Jugo Natural,Bebidas,8,2.75,22.0,Efectivo,Carlos,Centro,Jueves
2247,2026-04-05,18:43,1480,Queque Vainilla,Pasteles,4,10.04,40.16,SINPE,Luis,Norte,Viernes
2248,2026-03-20,06:51,1598,Pan Dulce,Pan,2,1.06,2.12,SINPE,Carlos,Norte,Jueves
2249,2026-05-24,17:09,1253,Pan Integral,Pan,5,2.25,11.25,Tarjeta,Luis,Sur,Martes
2250,2026-01-05,07:05,1048,Empanada Queso,Salado,2,2.37,4.74,Efectivo,Sofía,Norte,Viernes
2251,2026-06-18,12:51,1760,Pan Francés,Pan,4,0.46,1.84,SINPE,Ana,Sur,Lunes
2252,2026-04-10,17:02,1644,Empanada Queso,Salado,1,2.38,2.38,Efectivo,Sofía,Centro,Miércoles
2253,2026-02-20,11:47,1782,Baguette,Pan,5,1.84,9.2,Efectivo,María,Centro,Martes
2254,2026-04-24,10:15,1225,Croissant,Repostería,3,1.56,4.68,SINPE,María,Centro,Martes
2255,2026-02-05,07:24,1180,Pan Francés,Pan,6,0.47,2.82,Tarjeta,José,Norte,Sábado
2256,2026-06-13,19:12,1199,Pan Integral,Pan,5,2.22,11.1,SINPE,José,Centro,Sábado
2257,2026-03-10,10:28,1018,Café,Bebidas,4,1.94,7.76,Tarjeta,Sofía,Sur,Jueves
2258,2026-04-01,18:10,1010,Café,Bebidas,6,1.9,11.4,Tarjeta,Sofía,Sur,Jueves
2259,2026-03-07,18:43,1458,Pan Integral,Pan,6,2.11,12.66,Tarjeta,Carlos,Sur,Sábado
2260,2026-06-22,09:10,1612,Muffin,Repostería,3,2.38,7.14,SINPE,Carlos,Norte,Martes
2261,2026-04-16,11:50,1174,Queque Chocolate,Pasteles,3,11.94,35.82,Efectivo,Carlos,Sur,Martes
2262,2026-04-12,14:05,1145,Pan Francés,Pan,7,0.43,3.01,SINPE,Luis,Centro,Sábado
2263,2026-03-04,07:20,1787,Queque Vainilla,Pasteles,3,9.65,28.95,Tarjeta,Luis,Centro,Martes
2264,2026-06-23,15:25,1238,Capuchino,Bebidas,6,3.14,18.84,Tarjeta,Luis,Norte,Sábado
2265,2026-02-27,15:46,1303,Galletas,Repostería,3,3.55,10.65,SINPE,Luis,Centro,Jueves
2266,2026-03-20,14:01,1661,Empanada Pollo,Salado,2,2.46,4.92,SINPE,Sofía,Norte,Lunes
2267,2026-02-21,14:48,1041,Dona,Repostería,4,1.23,4.92,Efectivo,Carlos,Sur,Viernes
2268,2026-02-03,19:41,1085,Pan Dulce,Pan,4,1.12,4.48,Efectivo,Luis,Centro,Domingo
2269,2026-03-17,16:58,1115,Croissant,Repostería,2,1.48,2.96,SINPE,Carlos,Sur,Martes
2270,2026-05-16,12:19,1008,Pan Dulce,Pan,7,1.1,7.7,Efectivo,Sofía,Centro,Viernes
2271,2026-01-13,10:19,1768,Queque Vainilla,Pasteles,5,10.06,50.3,Efectivo,José,Centro,Lunes
2272,2026-05-16,13:40,1537,Pan Integral,Pan,7,2.13,14.91,Tarjeta,Luis,Norte,Viernes
2273,2026-03-28,12:47,1318,Queque Vainilla,Pasteles,7,10.14,70.98,SINPE,Ana,Sur,Jueves
2274,2026-06-06,07:39,1144,Galletas,Repostería,3,3.4,10.2,SINPE,María,Centro,Martes
2275,2026-03-23,07:02,1291,Baguette,Pan,4,1.74,6.96,Efectivo,Sofía,Norte,Viernes
2276,2026-04-17,20:56,1581,Dona,Repostería,2,1.17,2.34,SINPE,Ana,Centro,Jueves
2277,2026-04-19,15:38,1627,Pan Dulce,Pan,8,1.06,8.48,Tarjeta,Sofía,Sur,Viernes
2278,2026-02-04,17:35,1020,Baguette,Pan,3,1.8,5.4,Efectivo,Luis,Norte,Jueves
2279,2026-06-06,17:00,1063,Empanada Pollo,Salado,1,2.56,2.56,Efectivo,Carlos,Centro,Sábado
2280,2026-04-07,19:06,1003,Croissant,Repostería,6,1.45,8.7,Tarjeta,José,Centro,Miércoles
2281,2026-05-08,14:45,1001,Pan Integral,Pan,3,2.15,6.45,Tarjeta,Sofía,Sur,Martes
2282,2026-05-06,16:49,1578,Muffin,Repostería,7,2.48,17.36,SINPE,Ana,Centro,Jueves
2283,2026-04-25,12:59,1249,Empanada Pollo,Salado,7,2.42,16.94,Efectivo,Luis,Sur,Martes
2284,2026-02-07,19:30,1417,Muffin,Repostería,7,2.44,17.08,SINPE,Ana,Sur,Miércoles
2285,2026-05-26,18:52,1786,Jugo Natural,Bebidas,2,2.91,5.82,Tarjeta,Luis,Norte,Jueves
2286,2026-03-25,07:00,1076,Baguette,Pan,4,1.79,7.16,Efectivo,Luis,Sur,Viernes
2287,2026-02-23,15:09,1101,Pan Integral,Pan,3,2.13,6.39,SINPE,Sofía,Sur,Sábado
2288,2026-04-24,15:46,1064,Dona,Repostería,6,1.25,7.5,SINPE,María,Norte,Sábado
2289,2026-04-16,12:06,1666,Pan Integral,Pan,1,2.18,2.18,Efectivo,María,Sur,Sábado
2290,2026-05-17,07:54,1669,Queque Vainilla,Pasteles,3,9.51,28.53,Tarjeta,Luis,Centro,Viernes
2291,2026-04-04,13:58,1515,Croissant,Repostería,8,1.52,12.16,SINPE,Ana,Norte,Viernes
2292,2026-03-12,16:31,1182,Empanada Pollo,Salado,4,2.51,10.04,SINPE,José,Centro,Sábado
2293,2026-04-12,17:52,1408,Pan Dulce,Pan,3,1.12,3.36,SINPE,María,Centro,Viernes
2294,2026-01-05,11:28,1209,Pan Dulce,Pan,6,1.11,6.66,Tarjeta,Sofía,Sur,Viernes
2295,2026-02-20,10:42,1445,Capuchino,Bebidas,3,3.15,9.45,SINPE,José,Centro,Domingo
2296,2026-05-28,15:01,1455,Empanada Queso,Salado,5,2.39,11.95,Tarjeta,José,Norte,Martes
2297,2026-03-03,18:28,1587,Pan Integral,Pan,7,2.18,15.26,SINPE,María,Norte,Lunes
2298,2026-05-15,10:43,1696,Café,Bebidas,1,2.01,2.01,Tarjeta,Carlos,Sur,Miércoles
2299,2026-01-17,09:51,1622,Jugo Natural,Bebidas,5,2.77,13.85,SINPE,Carlos,Centro,Jueves
2300,2026-04-17,16:21,1211,Empanada Queso,Salado,4,2.25,9.0,Tarjeta,José,Sur,Viernes
2301,2026-03-25,15:34,1028,Pan Integral,Pan,2,2.31,4.62,Tarjeta,Carlos,Norte,Lunes
2302,2026-05-26,12:56,1010,Pan Integral,Pan,3,2.24,6.72,Tarjeta,Luis,Centro,Domingo
2303,2026-02-15,06:25,1409,Muffin,Repostería,1,2.32,2.32,Tarjeta,Sofía,Sur,Lunes
2304,2026-03-12,14:06,1788,Pan Francés,Pan,3,0.44,1.32,Efectivo,Ana,Sur,Viernes
2305,2026-01-11,13:19,1682,Capuchino,Bebidas,4,3.32,13.28,SINPE,Sofía,Centro,Viernes
2306,2026-06-04,14:22,1425,Capuchino,Bebidas,8,3.12,24.96,Efectivo,Ana,Centro,Jueves
2307,2026-01-01,09:02,1695,Pan Integral,Pan,6,2.29,13.74,Tarjeta,José,Norte,Domingo
2308,2026-05-12,16:13,1017,Jugo Natural,Bebidas,7,2.69,18.83,Tarjeta,María,Norte,Lunes
2309,2026-02-27,13:34,1680,Café,Bebidas,5,2.05,10.25,Tarjeta,María,Norte,Viernes
2310,2026-01-21,07:33,1483,Pan Francés,Pan,8,0.47,3.76,Efectivo,María,Sur,Domingo
2311,2026-02-14,11:56,1704,Pan Francés,Pan,1,0.43,0.43,Efectivo,Ana,Centro,Miércoles
2312,2026-03-05,15:38,1044,Muffin,Repostería,5,2.35,11.75,Tarjeta,María,Norte,Sábado
2313,2026-04-27,20:23,1168,Queque Vainilla,Pasteles,7,10.06,70.42,Tarjeta,Ana,Norte,Martes
2314,2026-03-20,15:27,1489,Pan Integral,Pan,3,2.12,6.36,Efectivo,Carlos,Norte,Domingo
2315,2026-02-04,15:00,1339,Croissant,Repostería,3,1.57,4.71,Efectivo,Luis,Sur,Sábado
2316,2026-01-09,13:19,1491,Jugo Natural,Bebidas,5,2.78,13.9,Tarjeta,Carlos,Sur,Miércoles
2317,2026-02-20,12:20,1174,Jugo Natural,Bebidas,6,2.76,16.56,Efectivo,Luis,Sur,Martes
2318,2026-01-05,10:21,1746,Queque Vainilla,Pasteles,1,9.99,9.99,Tarjeta,Luis,Centro,Martes
2319,2026-02-13,08:42,1189,Galletas,Repostería,1,3.33,3.33,Efectivo,Ana,Sur,Domingo
2320,2026-06-05,16:29,1506,Empanada Queso,Salado,4,2.4,9.6,Efectivo,María,Norte,Viernes
2321,2026-05-11,17:43,1328,Jugo Natural,Bebidas,4,2.83,11.32,SINPE,Carlos,Centro,Martes
2322,2026-03-05,17:54,1320,Capuchino,Bebidas,5,3.09,15.45,Efectivo,María,Centro,Viernes
2323,2026-01-15,07:03,1344,Queque Vainilla,Pasteles,8,9.87,78.96,Efectivo,Sofía,Sur,Lunes
2324,2026-03-15,13:19,1275,Queque Vainilla,Pasteles,5,10.1,50.5,Tarjeta,Luis,Norte,Sábado
2325,2026-03-15,19:33,1749,Dona,Repostería,6,1.23,7.38,SINPE,José,Norte,Lunes
2326,2026-05-10,17:51,1584,Pan Dulce,Pan,8,1.06,8.48,Tarjeta,Luis,Norte,Miércoles
2327,2026-02-16,14:34,1031,Pan Dulce,Pan,4,1.05,4.2,Efectivo,Luis,Centro,Viernes
2328,2026-01-23,09:15,1659,Dona,Repostería,7,1.15,8.05,SINPE,Sofía,Centro,Jueves
2329,2026-05-18,20:11,1570,Muffin,Repostería,1,2.4,2.4,Efectivo,Carlos,Centro,Jueves
2330,2026-03-27,14:27,1188,Café,Bebidas,8,1.94,15.52,Tarjeta,José,Centro,Miércoles
2331,2026-03-14,11:53,1676,Croissant,Repostería,2,1.49,2.98,Efectivo,Carlos,Sur,Martes
2332,2026-05-28,07:22,1435,Empanada Queso,Salado,1,2.21,2.21,SINPE,María,Centro,Miércoles
2333,2026-06-16,13:47,1387,Queque Chocolate,Pasteles,7,12.0,84.0,Efectivo,Sofía,Norte,Viernes
2334,2026-02-07,19:25,1139,Muffin,Repostería,2,2.52,5.04,SINPE,Sofía,Sur,Miércoles
2335,2026-04-09,20:21,1053,Muffin,Repostería,7,2.43,17.01,SINPE,Sofía,Sur,Viernes
2336,2026-01-02,14:38,1567,Pan Integral,Pan,1,2.24,2.24,Tarjeta,María,Centro,Viernes
2337,2026-06-23,11:10,1097,Pan Francés,Pan,4,0.46,1.84,SINPE,Ana,Sur,Viernes
2338,2026-02-21,10:24,1283,Empanada Pollo,Salado,5,2.6,13.0,SINPE,Sofía,Sur,Miércoles
2339,2026-04-06,14:58,1379,Capuchino,Bebidas,8,3.23,25.84,Tarjeta,Carlos,Sur,Sábado
2340,2026-02-17,17:07,1606,Capuchino,Bebidas,6,3.28,19.68,Efectivo,Luis,Centro,Lunes
2341,2026-05-22,20:42,1646,Empanada Queso,Salado,8,2.35,18.8,Efectivo,Luis,Norte,Viernes
2342,2026-04-03,13:00,1336,Café,Bebidas,4,2.03,8.12,SINPE,Sofía,Norte,Miércoles
2343,2026-03-26,20:13,1435,Muffin,Repostería,6,2.47,14.82,Tarjeta,Luis,Sur,Jueves
2344,2026-06-07,16:01,1214,Café,Bebidas,2,1.92,3.84,SINPE,Sofía,Norte,Domingo
2345,2026-05-08,15:31,1551,Empanada Pollo,Salado,2,2.57,5.14,Efectivo,Carlos,Norte,Viernes
2346,2026-05-22,20:55,1737,Pan Francés,Pan,1,0.46,0.46,SINPE,José,Centro,Domingo
2347,2026-01-12,11:09,1573,Baguette,Pan,8,1.79,14.32,Tarjeta,María,Sur,Martes
2348,2026-06-11,17:32,1551,Dona,Repostería,6,1.15,6.9,Efectivo,José,Norte,Sábado
2349,2026-06-13,06:47,1762,Pan Francés,Pan,6,0.44,2.64,Efectivo,Ana,Sur,Martes
2350,2026-05-05,19:36,1485,Pan Integral,Pan,2,2.09,4.18,Tarjeta,Luis,Sur,Domingo
2351,2026-06-14,06:36,1060,Queque Vainilla,Pasteles,6,9.62,57.72,SINPE,Sofía,Norte,Domingo
2352,2026-06-04,06:18,1335,Café,Bebidas,2,2.07,4.14,Efectivo,Luis,Norte,Martes
2353,2026-01-11,20:44,1543,Galletas,Repostería,8,3.4,27.2,Tarjeta,Luis,Norte,Domingo
2354,2026-01-07,17:22,1521,Empanada Pollo,Salado,3,2.6,7.8,SINPE,Sofía,Norte,Viernes
2355,2026-05-02,17:00,1641,Dona,Repostería,4,1.18,4.72,Tarjeta,Sofía,Norte,Domingo
2356,2026-06-10,13:42,1252,Pan Integral,Pan,7,2.11,14.77,Efectivo,José,Norte,Domingo
2357,2026-04-19,08:22,1355,Empanada Pollo,Salado,7,2.43,17.01,Efectivo,Ana,Norte,Miércoles
2358,2026-05-02,16:08,1520,Dona,Repostería,7,1.25,8.75,Efectivo,María,Norte,Martes
2359,2026-05-20,12:49,1665,Empanada Queso,Salado,1,2.38,2.38,Tarjeta,María,Centro,Miércoles
2360,2026-05-03,12:51,1261,Muffin,Repostería,4,2.35,9.4,Tarjeta,Ana,Sur,Sábado
2361,2026-01-20,17:29,1331,Empanada Pollo,Salado,2,2.38,4.76,SINPE,Luis,Norte,Viernes
2362,2026-03-02,11:07,1038,Pan Dulce,Pan,5,1.09,5.45,Efectivo,José,Sur,Viernes
2363,2026-02-01,10:09,1498,Pan Francés,Pan,3,0.45,1.35,Tarjeta,Luis,Norte,Martes
2364,2026-03-22,10:29,1118,Muffin,Repostería,2,2.34,4.68,SINPE,Sofía,Centro,Viernes
2365,2026-05-14,15:51,1045,Queque Vainilla,Pasteles,4,10.43,41.72,Tarjeta,María,Norte,Miércoles
2366,2026-02-17,14:48,1284,Galletas,Repostería,1,3.52,3.52,SINPE,Sofía,Norte,Domingo
2367,2026-03-04,19:45,1242,Queque Chocolate,Pasteles,6,12.31,73.86,Tarjeta,Sofía,Sur,Jueves
2368,2026-03-07,06:41,1435,Croissant,Repostería,8,1.44,11.52,SINPE,Sofía,Centro,Domingo
2369,2026-03-25,17:49,1035,Baguette,Pan,7,1.86,13.02,Efectivo,Carlos,Centro,Viernes
2370,2026-02-18,13:28,1667,Café,Bebidas,2,2.0,4.0,SINPE,Carlos,Sur,Martes
2371,2026-03-25,13:28,1014,Galletas,Repostería,4,3.4,13.6,Tarjeta,Ana,Centro,Sábado
2372,2026-01-12,09:32,1652,Pan Francés,Pan,1,0.46,0.46,Tarjeta,Ana,Centro,Viernes
2373,2026-03-26,08:02,1268,Croissant,Repostería,7,1.44,10.08,Efectivo,José,Centro,Domingo
2374,2026-05-02,17:41,1364,Pan Dulce,Pan,4,1.14,4.56,Tarjeta,María,Centro,Lunes
2375,2026-01-23,17:31,1706,Queque Chocolate,Pasteles,5,11.48,57.4,SINPE,José,Norte,Lunes
2376,2026-03-25,09:53,1564,Capuchino,Bebidas,4,3.09,12.36,SINPE,Ana,Centro,Viernes
2377,2026-06-05,08:48,1283,Empanada Queso,Salado,5,2.21,11.05,SINPE,María,Centro,Viernes
2378,2026-04-09,19:59,1588,Galletas,Repostería,8,3.38,27.04,Tarjeta,Luis,Centro,Martes
2379,2026-03-26,08:11,1296,Queque Vainilla,Pasteles,2,10.49,20.98,Efectivo,Carlos,Sur,Sábado
2380,2026-01-04,14:53,1636,Jugo Natural,Bebidas,4,2.71,10.84,Efectivo,Ana,Centro,Miércoles
2381,2026-04-07,06:30,1012,Empanada Pollo,Salado,7,2.4,16.8,Efectivo,Sofía,Norte,Jueves
2382,2026-02-25,06:02,1608,Galletas,Repostería,3,3.34,10.02,Tarjeta,Luis,Norte,Domingo
2383,2026-03-07,12:34,1597,Empanada Pollo,Salado,3,2.39,7.17,Efectivo,Ana,Norte,Jueves
2384,2026-01-16,09:08,1341,Empanada Queso,Salado,6,2.19,13.14,SINPE,Ana,Centro,Domingo
2385,2026-01-07,18:49,1035,Empanada Queso,Salado,4,2.33,9.32,SINPE,María,Centro,Martes
2386,2026-04-19,06:47,1521,Baguette,Pan,2,1.75,3.5,Tarjeta,Ana,Sur,Jueves
2387,2026-01-26,19:16,1323,Empanada Queso,Salado,3,2.23,6.69,SINPE,Carlos,Sur,Jueves
2388,2026-01-19,08:35,1070,Pan Integral,Pan,2,2.31,4.62,Tarjeta,Ana,Norte,Miércoles
2389,2026-02-27,09:48,1308,Queque Chocolate,Pasteles,4,11.89,47.56,Tarjeta,Luis,Centro,Miércoles
2390,2026-01-05,11:11,1219,Croissant,Repostería,2,1.52,3.04,SINPE,Carlos,Centro,Martes
2391,2026-03-24,19:28,1485,Galletas,Repostería,1,3.53,3.53,Efectivo,María,Sur,Lunes
2392,2026-06-12,11:06,1230,Dona,Repostería,3,1.19,3.57,Efectivo,María,Norte,Lunes
2393,2026-03-24,14:01,1693,Jugo Natural,Bebidas,8,2.83,22.64,Efectivo,Carlos,Norte,Domingo
2394,2026-03-04,12:02,1134,Galletas,Repostería,6,3.53,21.18,Efectivo,Ana,Sur,Sábado
2395,2026-05-19,20:53,1093,Baguette,Pan,6,1.88,11.28,Efectivo,María,Sur,Jueves
2396,2026-05-14,10:30,1569,Pan Integral,Pan,5,2.25,11.25,Tarjeta,Sofía,Sur,Jueves
2397,2026-01-01,14:33,1275,Croissant,Repostería,4,1.49,5.96,Tarjeta,María,Norte,Lunes
2398,2026-06-18,07:36,1112,Café,Bebidas,4,1.99,7.96,SINPE,Ana,Norte,Miércoles
2399,2026-03-02,06:25,1584,Capuchino,Bebidas,3,3.07,9.21,SINPE,José,Sur,Domingo
2400,2026-06-21,08:53,1202,Pan Integral,Pan,4,2.18,8.72,Tarjeta,Luis,Norte,Viernes
2401,2026-01-17,08:07,1229,Queque Chocolate,Pasteles,7,11.72,82.04,SINPE,Sofía,Norte,Miércoles
2402,2026-06-28,06:10,1067,Queque Chocolate,Pasteles,7,11.62,81.34,Efectivo,Luis,Sur,Sábado
2403,2026-03-11,06:56,1213,Empanada Queso,Salado,3,2.38,7.14,Efectivo,Ana,Centro,Lunes
2404,2026-03-24,17:25,1464,Pan Francés,Pan,7,0.44,3.08,Efectivo,Sofía,Centro,Viernes
2405,2026-05-25,18:36,1092,Pan Francés,Pan,1,0.45,0.45,Efectivo,Carlos,Centro,Jueves
2406,2026-01-13,15:48,1759,Pan Integral,Pan,1,2.1,2.1,SINPE,Luis,Centro,Martes
2407,2026-04-24,19:37,1689,Jugo Natural,Bebidas,8,2.72,21.76,SINPE,Sofía,Sur,Jueves
2408,2026-05-26,17:21,1307,Galletas,Repostería,1,3.46,3.46,SINPE,Ana,Sur,Jueves
2409,2026-01-02,06:58,1611,Empanada Queso,Salado,5,2.27,11.35,SINPE,Sofía,Norte,Sábado
2410,2026-01-24,19:15,1456,Dona,Repostería,4,1.19,4.76,Efectivo,Ana,Sur,Lunes
2411,2026-05-21,11:44,1265,Queque Vainilla,Pasteles,2,10.16,20.32,Tarjeta,Sofía,Centro,Domingo
2412,2026-01-07,16:16,1680,Capuchino,Bebidas,5,3.09,15.45,Efectivo,Ana,Norte,Martes
2413,2026-04-01,13:20,1384,Queque Vainilla,Pasteles,4,9.78,39.12,SINPE,Sofía,Sur,Miércoles
2414,2026-04-15,08:45,1054,Queque Chocolate,Pasteles,5,12.44,62.2,Efectivo,Ana,Sur,Martes
2415,2026-06-25,14:58,1093,Queque Chocolate,Pasteles,1,12.37,12.37,SINPE,Sofía,Centro,Martes
2416,2026-05-25,10:00,1152,Jugo Natural,Bebidas,4,2.8,11.2,Tarjeta,Luis,Centro,Viernes
2417,2026-06-11,20:08,1478,Queque Vainilla,Pasteles,2,10.0,20.0,Efectivo,Carlos,Sur,Martes
2418,2026-02-12,13:01,1008,Empanada Pollo,Salado,5,2.41,12.05,Tarjeta,Ana,Centro,Viernes
2419,2026-03-04,14:07,1703,Baguette,Pan,3,1.81,5.43,Tarjeta,Ana,Sur,Martes
2420,2026-01-10,16:55,1407,Pan Integral,Pan,6,2.17,13.02,Efectivo,Ana,Centro,Jueves
2421,2026-03-14,12:01,1055,Capuchino,Bebidas,3,3.11,9.33,Efectivo,Luis,Sur,Martes
2422,2026-01-03,17:56,1763,Café,Bebidas,3,1.99,5.97,Efectivo,Luis,Centro,Viernes
2423,2026-01-05,06:41,1270,Galletas,Repostería,7,3.35,23.45,SINPE,José,Norte,Lunes
2424,2026-03-08,19:49,1748,Empanada Queso,Salado,7,2.29,16.03,Tarjeta,Carlos,Norte,Sábado
2425,2026-02-15,12:14,1649,Pan Francés,Pan,5,0.46,2.3,Tarjeta,María,Centro,Lunes
2426,2026-01-12,13:46,1761,Capuchino,Bebidas,2,3.15,6.3,SINPE,Luis,Sur,Miércoles
2427,2026-03-18,12:05,1502,Empanada Queso,Salado,3,2.24,6.72,Tarjeta,Sofía,Centro,Martes
2428,2026-02-27,13:42,1187,Queque Vainilla,Pasteles,2,10.25,20.5,Tarjeta,María,Centro,Viernes
2429,2026-04-12,20:44,1409,Empanada Pollo,Salado,7,2.55,17.85,Efectivo,Luis,Norte,Lunes
2430,2026-04-28,14:28,1522,Muffin,Repostería,8,2.49,19.92,Tarjeta,Sofía,Norte,Jueves
2431,2026-05-02,16:13,1370,Empanada Queso,Salado,2,2.34,4.68,Efectivo,Ana,Norte,Lunes
2432,2026-04-10,08:08,1240,Pan Integral,Pan,5,2.2,11.0,Tarjeta,Carlos,Centro,Miércoles
2433,2026-06-25,12:35,1156,Pan Francés,Pan,5,0.46,2.3,Efectivo,Luis,Centro,Miércoles
2434,2026-05-24,18:22,1167,Pan Integral,Pan,7,2.28,15.96,Tarjeta,Carlos,Sur,Domingo
2435,2026-06-23,10:51,1289,Croissant,Repostería,1,1.57,1.57,SINPE,Ana,Centro,Lunes
2436,2026-05-18,07:33,1150,Jugo Natural,Bebidas,8,2.88,23.04,Tarjeta,Luis,Centro,Domingo
2437,2026-02-11,16:37,1294,Jugo Natural,Bebidas,7,2.73,19.11,SINPE,Sofía,Centro,Sábado
2438,2026-04-18,06:25,1414,Baguette,Pan,5,1.82,9.1,Tarjeta,Ana,Norte,Domingo
2439,2026-02-03,08:52,1379,Baguette,Pan,2,1.89,3.78,Tarjeta,Luis,Sur,Sábado
2440,2026-02-08,19:01,1121,Queque Chocolate,Pasteles,2,12.36,24.72,SINPE,María,Centro,Miércoles
2441,2026-02-16,08:06,1730,Capuchino,Bebidas,7,3.04,21.28,SINPE,José,Sur,Jueves
2442,2026-01-23,09:06,1608,Pan Francés,Pan,1,0.44,0.44,Tarjeta,Sofía,Sur,Viernes
2443,2026-03-02,06:13,1304,Capuchino,Bebidas,1,3.07,3.07,Tarjeta,Ana,Centro,Lunes
2444,2026-05-27,13:48,1667,Pan Integral,Pan,8,2.25,18.0,SINPE,María,Centro,Domingo
2445,2026-04-05,18:22,1700,Galletas,Repostería,2,3.63,7.26,SINPE,Sofía,Centro,Sábado
2446,2026-06-10,19:40,1477,Café,Bebidas,5,1.92,9.6,SINPE,Carlos,Norte,Lunes
2447,2026-04-11,09:21,1542,Jugo Natural,Bebidas,2,2.68,5.36,Efectivo,José,Centro,Lunes
2448,2026-06-28,19:28,1535,Empanada Queso,Salado,3,2.31,6.93,SINPE,Ana,Norte,Martes
2449,2026-01-23,09:29,1114,Pan Integral,Pan,8,2.22,17.76,Tarjeta,Ana,Norte,Lunes
2450,2026-04-27,08:08,1207,Café,Bebidas,2,2.06,4.12,SINPE,Sofía,Sur,Sábado
2451,2026-01-18,09:31,1346,Empanada Pollo,Salado,5,2.5,12.5,Efectivo,Ana,Norte,Jueves
2452,2026-01-06,18:18,1560,Café,Bebidas,2,2.08,4.16,Efectivo,José,Sur,Sábado
2453,2026-04-28,14:02,1015,Café,Bebidas,6,2.06,12.36,Efectivo,José,Norte,Sábado
2454,2026-02-07,20:25,1190,Pan Dulce,Pan,5,1.07,5.35,Efectivo,Ana,Norte,Viernes
2455,2026-04-18,11:54,1466,Pan Francés,Pan,7,0.45,3.15,Tarjeta,María,Sur,Jueves
2456,2026-06-22,11:04,1447,Pan Francés,Pan,7,0.46,3.22,SINPE,José,Centro,Martes
2457,2026-02-03,11:03,1753,Capuchino,Bebidas,6,3.26,19.56,Efectivo,María,Norte,Domingo
2458,2026-04-01,09:12,1372,Croissant,Repostería,7,1.44,10.08,Efectivo,José,Sur,Domingo
2459,2026-02-23,17:44,1115,Queque Chocolate,Pasteles,3,11.74,35.22,SINPE,Sofía,Centro,Viernes
2460,2026-03-17,07:14,1024,Croissant,Repostería,5,1.51,7.55,Efectivo,Carlos,Centro,Sábado
2461,2026-03-28,09:02,1150,Empanada Pollo,Salado,2,2.58,5.16,Efectivo,Carlos,Centro,Jueves
2462,2026-06-18,12:44,1297,Empanada Queso,Salado,6,2.36,14.16,Tarjeta,José,Centro,Martes
2463,2026-05-03,07:00,1333,Jugo Natural,Bebidas,6,2.73,16.38,Efectivo,Ana,Norte,Jueves
2464,2026-02-16,14:52,1599,Empanada Pollo,Salado,5,2.57,12.85,Tarjeta,Ana,Norte,Jueves
2465,2026-01-05,14:49,1078,Dona,Repostería,6,1.18,7.08,Tarjeta,María,Norte,Domingo
2466,2026-03-25,15:31,1518,Baguette,Pan,3,1.75,5.25,Efectivo,Carlos,Norte,Miércoles
2467,2026-06-02,18:42,1612,Croissant,Repostería,7,1.55,10.85,Tarjeta,Luis,Centro,Sábado
2468,2026-03-14,18:47,1378,Empanada Pollo,Salado,1,2.41,2.41,Tarjeta,María,Norte,Jueves
2469,2026-04-04,06:29,1208,Croissant,Repostería,1,1.48,1.48,Efectivo,Sofía,Norte,Lunes
2470,2026-06-16,14:41,1770,Queque Vainilla,Pasteles,7,10.31,72.17,Efectivo,María,Sur,Sábado
2471,2026-03-10,09:33,1016,Pan Francés,Pan,4,0.43,1.72,Efectivo,María,Norte,Domingo
2472,2026-03-23,13:42,1185,Baguette,Pan,5,1.8,9.0,Tarjeta,Ana,Centro,Viernes
2473,2026-04-22,14:25,1151,Croissant,Repostería,6,1.46,8.76,Tarjeta,Luis,Sur,Viernes
2474,2026-04-14,12:16,1139,Pan Dulce,Pan,5,1.15,5.75,Efectivo,María,Sur,Jueves
2475,2026-01-28,19:45,1211,Jugo Natural,Bebidas,4,2.7,10.8,Tarjeta,Luis,Sur,Viernes
2476,2026-06-05,11:38,1128,Muffin,Repostería,7,2.39,16.73,Efectivo,Sofía,Norte,Sábado
2477,2026-04-22,17:01,1269,Café,Bebidas,8,2.02,16.16,SINPE,Sofía,Norte,Viernes
2478,2026-06-11,18:23,1796,Jugo Natural,Bebidas,4,2.71,10.84,Efectivo,Carlos,Centro,Miércoles
2479,2026-05-25,08:30,1204,Pan Integral,Pan,1,2.24,2.24,SINPE,María,Sur,Lunes
2480,2026-04-14,10:49,1009,Muffin,Repostería,6,2.42,14.52,Tarjeta,Luis,Sur,Sábado
2481,2026-01-24,13:32,1609,Galletas,Repostería,6,3.47,20.82,Tarjeta,María,Sur,Miércoles
2482,2026-01-19,17:55,1028,Queque Vainilla,Pasteles,5,9.66,48.3,Efectivo,Sofía,Norte,Martes
2483,2026-04-24,19:08,1466,Pan Dulce,Pan,3,1.1,3.3,SINPE,Luis,Centro,Lunes
2484,2026-06-05,13:06,1108,Galletas,Repostería,3,3.39,10.17,Efectivo,María,Norte,Sábado
2485,2026-01-16,07:27,1168,Muffin,Repostería,8,2.38,19.04,Efectivo,Carlos,Centro,Viernes
2486,2026-03-27,14:25,1590,Muffin,Repostería,6,2.31,13.86,SINPE,Luis,Centro,Miércoles
2487,2026-05-01,09:37,1183,Croissant,Repostería,2,1.55,3.1,Efectivo,Ana,Centro,Sábado
2488,2026-03-06,16:25,1275,Empanada Pollo,Salado,1,2.4,2.4,Tarjeta,Ana,Centro,Jueves
2489,2026-04-15,20:56,1777,Café,Bebidas,1,2.07,2.07,Efectivo,Luis,Centro,Jueves
2490,2026-01-11,16:00,1033,Muffin,Repostería,4,2.39,9.56,Tarjeta,Sofía,Centro,Martes
2491,2026-02-09,20:17,1385,Croissant,Repostería,7,1.55,10.85,SINPE,Luis,Centro,Domingo
2492,2026-03-26,13:27,1247,Pan Integral,Pan,8,2.13,17.04,SINPE,Ana,Sur,Martes
2493,2026-03-09,06:10,1358,Capuchino,Bebidas,1,3.28,3.28,SINPE,José,Sur,Domingo
2494,2026-05-08,17:38,1230,Café,Bebidas,6,1.92,11.52,Efectivo,María,Sur,Martes
2495,2026-01-06,20:36,1120,Pan Integral,Pan,8,2.13,17.04,Tarjeta,Luis,Norte,Sábado
2496,2026-05-27,12:03,1128,Pan Francés,Pan,5,0.47,2.35,Tarjeta,José,Norte,Jueves
2497,2026-04-28,08:35,1659,Empanada Pollo,Salado,6,2.58,15.48,Tarjeta,Carlos,Centro,Viernes
2498,2026-06-19,11:01,1463,Empanada Queso,Salado,5,2.33,11.65,SINPE,Ana,Sur,Domingo
2499,2026-01-14,17:31,1372,Café,Bebidas,7,1.96,13.72,Tarjeta,Ana,Centro,Lunes
2500,2026-01-19,19:54,1175,Café,Bebidas,1,2.03,2.03,SINPE,Ana,Centro,Martes
